,rsrc_id,parent_rsrc_id,clndr_id,role_id,shift_id,user_id,pobs_id,guid,rsrc_seq_num,email_addr,employee_code,office_phone,other_phone,rsrc_name,rsrc_short_name,rsrc_title_name,def_qty_per_hr,cost_qty_type,ot_factor,active_flag,auto_compute_act_flag,def_cost_qty_link_flag,ot_flag,curr_id,unit_id,rsrc_type,location_id,rsrc_notes,load_tasks_flag,level_flag,last_checksum
0,6900,6901,6590,1568,,,,OI70w2VtRkOIJvm2LwEYaA,0,,,,,Site Manager,SM,,1,QT_Hour,,Y,Y,N,N,1,,RT_Labor,,,,,
1,6901,,6590,1568,,,,+sqlK8Jemka2xjWogjMtHw,1,,,,,Site Manager,SM-1,,1,QT_Hour,,Y,Y,N,N,1,,RT_Labor,,,,,
2,6902,6901,6590,,,,,hI1AvjvcZkWLG0D5BTIUZg,101,,,,,Third Party,R-42,,1,QT_Hour,,Y,Y,N,N,1,,RT_Labor,,,,,
3,6903,6900,6590,,,,,6ROS52rLgEeZPTIlLW7Dog,3,,,,,Non-Labor,R-2,,1,QT_Hour,,Y,Y,N,N,1,,RT_Labor,,,,,
4,6904,6899,6591,,,,,vJ5pjphInEuF8Tt3QL0jFA,22500,,,,,"Adwhi Site (Tank #1,#2)",P4.2,,0.125,QT_Hour,0,Y,Y,Y,N,1,,RT_Mat,,,,,
5,6905,6901,6590,,,,,b79IbCIEzkqlDJtw8P2gZw,2,,,,,Labor,R-40,,1.25,QT_Hour,1.5,Y,Y,N,Y,1,,RT_Equip,,,,,
6,6906,6899,6591,,,,,7BqmetfoR0u9gQUrhQH21Q,21600,,,,,"Master Pump Station (Tank #1,#2,#3)",P4.1,,0.125,QT_Hour,0,Y,Y,Y,N,1,,RT_Mat,,,,,
7,6907,6903,6590,,,,,PFoJByGg90WQ/P8JfbWmHA,1,,,,,Equipment,E-1,,1.25,QT_Hour,,Y,Y,N,N,1,,RT_Equip,,,,,
8,6908,6906,6591,,,,,9pnJ7uUsO06YebCiZ2Ks3w,21600,,,,,Tank #2,P4.1.2,,0.125,QT_Hour,0,Y,Y,Y,N,1,,RT_Mat,,,,,
9,6909,6904,6591,,,,,hJTf0iAmKUe/KCmuljTghg,22500,,,,,Tank #1,P4.2.1,,0.125,QT_Hour,0,Y,Y,Y,N,1,,RT_Mat,,,,,
10,6910,6904,6591,,,,,6zTL6kV+2UynwT/YqiW6AQ,22500,,,,,Tank #2,P4.2.2,,0.125,QT_Hour,0,Y,Y,Y,N,1,,RT_Mat,,,,,
11,6911,6902,6590,,,,,uSJmlXseZkiywd2VaSSGRw,0,,,,,Geo Technical Survey,R-44,,1,QT_Hour,,Y,Y,N,N,1,,RT_Labor,,,,,
12,6912,6905,6590,,,,,VMRjkim9+USLOQSAPRvKzg,2,,,,,Quantity Surveyor (Material Specialist),R-45,,1,QT_Hour,,Y,Y,N,N,1,,RT_Labor,,,,,
13,6913,6905,6590,,,,,RGo+PfjdOEC5C5CREsuD2g,1,,,,,Structural Design Engineer,R-46,,1,QT_Hour,,Y,Y,N,N,1,,RT_Labor,,,,,
14,6914,6902,6590,1570,,,,VQjXX4+DL0+fcaj6rB/8Sg,1,,,,,Third party for ALuminum Dome Roof Supervisor,TP2-1,,1,QT_Hour,1.5,Y,Y,N,N,1,,RT_Labor,,,,,
15,6915,6905,6590,1571,163,,,MqQhY7ERw0O55d6v7gYf3g,3,,,,,Project Engineer,PE-3,,1.25,QT_Hour,1.5,Y,Y,N,Y,1,,RT_Labor,,<HTML><BODY></BODY></HTML>,,,
16,6916,6902,6590,,,,,gkFSFpmwN0is6RE4CH+e3w,2,,,,,Concrete Testing-Third party inspection,CT-1,,1,QT_Hour,,Y,Y,N,N,1,,RT_Labor,,,,,
17,6917,6905,6590,,,,,Ldd/08UV70qHnUzOXpdYXQ,0,,,,,Mechanical Design Engineer,R-43,,1,QT_Hour,1.5,Y,Y,N,Y,1,,RT_Labor,,,,,
18,6918,6906,6591,,,,,mumjCzC5EUiZ5GOccnBDjQ,21600,,,,,Tank #1,P4.1.1,,0.125,QT_Hour,0,Y,Y,Y,N,1,,RT_Mat,,,,,
19,6919,6906,6591,,,,,uo2m9zP7eEK7qGVe+2gh5g,21600,,,,,Tank #3,P4.1.3,,0.125,QT_Hour,0,Y,Y,Y,N,1,,RT_Mat,,,,,
20,6920,6907,6590,,,,,FuY7XN/H+keDB73LBiXabA,400,,,,,Boom Lift (2 Man * 20M Max),E-6,,1.25,QT_Hour,,Y,Y,N,N,1,,RT_Equip,,,,,
21,6921,6907,6590,,,,,7hP459V3n0CHZXIODkHHEw,700,,,,,Diesel Truck,E-9,,1.25,QT_Hour,,Y,Y,N,N,1,,RT_Equip,,,,,
22,6922,6907,6590,,,,,CfzWIpH3F0+fIy5TZEHV/g,1000,,,,,Cutting Machine,E-12,,1.25,QT_Hour,,Y,Y,N,N,1,,RT_Equip,,,,,
23,6923,6907,6590,,163,,,qs5uuSBE1UKXlNq4/WBYcQ,1200,,,,,Bus,E-14,,1,QT_Hour,,Y,Y,N,N,1,,RT_Equip,,,,,
24,6924,6907,6590,,,,,K8CDX4cD/kyenVQIgJgn+Q,1400,,,,,Compressor 450 CFM,E-16,,1.25,QT_Hour,,Y,Y,N,N,1,,RT_Equip,,,,,
25,6925,6907,6590,,,,,rQ7t/iKp9kOfvTIYfMxOYg,500,,,,,Truck Flat Bed,E-7,,1.25,QT_Hour,,Y,Y,N,N,1,,RT_Equip,,,,,
26,6926,6918,6591,,,,,oAO6xuRz5ECfgBMRrHHiGA,21600,,,,,Engineering,P4.1.1.1,,0.125,QT_Hour,0,Y,Y,Y,N,1,,RT_Mat,,,,,
27,6927,6918,6591,,,,,PafCzzP6YEG4nRUdGBisAw,21600,,,,,Porcurment(including the Delievery of Raw materail to AZ Factory & Pre-Fabrication at Alzamil factor,P4.1.1.2,,0.125,QT_Hour,0,Y,Y,Y,N,1,,RT_Mat,,,,,
28,6928,6915,6590,1573,,,,7BfxOKkdNkCAZ5hLPHOEJg,1,,,,,Safety Officer,SO-1,,1.25,QT_Hour,1.5,Y,Y,N,Y,1,,RT_Labor,,,,,
29,6929,6910,6591,,,,,EkeOgmOG/0qz5GSEe/Sq2Q,22500,,,,,Porcurment(including the Delievery of Raw materail to AZ Factory & Pre-Fabrication at Alzamil factor,P4.2.2.5,,0.125,QT_Hour,0,Y,Y,Y,N,1,,RT_Mat,,,,,
30,6930,6908,6591,,,,,TtW/aqfjgEexoCJ3TvXs6A,21600,,,,,Porcurment(including the Delievery of Raw materail to AZ Factory & Pre-Fabrication at Alzamil factor,P4.1.2.5,,0.125,QT_Hour,0,Y,Y,Y,N,1,,RT_Mat,,,,,
31,6931,6908,6591,,,,,FK+U4cNDGkW9y8XJy2CrzA,21600,,,,,"Construction (including ,site fabrication & installation works,mobilization,painting,testing &third ",P4.1.2.6,,0.125,QT_Hour,0,Y,Y,Y,N,1,,RT_Mat,,,,,
32,6932,6919,6591,,,,,YuEu4rbmeUmHHI7Qv4U8Zg,21600,,,,,Engineering,P4.1.3.7,,0.125,QT_Hour,0,Y,Y,Y,N,1,,RT_Mat,,,,,
33,6933,6918,6591,,,,,RWMNAOkJD0SIsMe5M5swfQ,21600,,,,,"Construction (including ,site fabrication & installation works,mobilization,painting,testing &third ",P4.1.1.3,,0.125,QT_Hour,0,Y,Y,Y,N,1,,RT_Mat,,,,,
34,6934,6908,6591,,,,,B5qQwP6xKEihs7fXiozRJw,21600,,,,,Engineering,P4.1.2.4,,0.125,QT_Hour,0,Y,Y,Y,N,1,,RT_Mat,,,,,
35,6935,6915,6590,1572,,,,D283cMqUQUaPKPzR8uy2VA,0,,,,,QC inspector,QC-1,,1.25,QT_Hour,1.5,Y,Y,N,Y,1,,RT_Labor,,,,,
36,6936,6909,6591,,,,,iVTNlCO0dUOwsvHaUcUocQ,22500,,,,,Porcurment(including the Delievery of Raw materail to AZ Factory & Pre-Fabrication at Alzamil factor,P4.2.1.2,,0.125,QT_Hour,0,Y,Y,Y,N,1,,RT_Mat,,,,,
37,6937,6909,6591,,,,,QqoNzwGG9UquxMHdsSu6oA,22500,,,,,"Construction (including ,site fabrication & installation works,mobilization,painting,testing &third ",P4.2.1.3,,0.125,QT_Hour,0,Y,Y,Y,N,1,,RT_Mat,,,,,
38,6938,6919,6591,,,,,Yng23E7smE2UixFmVah0oQ,21600,,,,,Porcurment(including the Delievery of Raw materail to AZ Factory & Pre-Fabrication at Alzamil factor,P4.1.3.8,,0.125,QT_Hour,0,Y,Y,Y,N,1,,RT_Mat,,,,,
39,6939,6919,6591,,,,,jFcAaYGYZU+4hv1cuJabFw,21600,,,,,"Construction (including ,site fabrication & installation works,mobilization,painting,testing &third ",P4.1.3.9,,0.125,QT_Hour,0,Y,Y,Y,N,1,,RT_Mat,,,,,
40,6940,6909,6591,,,,,7OwbisiUekWwKjfkhkOUtQ,22500,,,,,Engineering,P4.2.1.1,,0.125,QT_Hour,0,Y,Y,Y,N,1,,RT_Mat,,,,,
41,6941,6910,6591,,,,,gflvNfz3NEytC7L4kEfDvA,22500,,,,,Engineering,P4.2.2.4,,0.125,QT_Hour,0,Y,Y,Y,N,1,,RT_Mat,,,,,
42,6942,6915,6590,1574,,,,tbetLUjAh0aRmAjOp4kc8A,2,,,,,Forman,F-2,,1.25,QT_Hour,1.5,Y,Y,N,Y,1,,RT_Labor,,,,,
43,6943,6910,6591,,,,,3pi79zncKkijjRRT1vAojQ,22500,,,,,"Construction (including ,site fabrication & installation works,mobilization,painting,testing &third ",P4.2.2.6,,0.125,QT_Hour,0,Y,Y,Y,N,1,,RT_Mat,,,,,
44,6944,6920,6590,1569,,,,au2fWefRMUabgB04DoE4xQ,0,,,,,Backhoe,B-2,,1.25,QT_Hour,,Y,Y,N,N,1,,RT_Equip,,,,,
45,6945,6920,6590,,,,,UfquYwHMUkya28FuqfBHhQ,900,,,,,Vehicle (pick up 3/4T 4*2),E-19,,1.25,QT_Hour,1.5,Y,Y,N,N,1,,RT_Equip,,,,,
46,6946,6920,6590,,,,,7i/YmIWbIkq3L1Q219kvXQ,1100,,,,,"Water truck 30,000 Gallons",E-20,,1.25,QT_Hour,,Y,Y,N,N,1,,RT_Equip,,,,,
47,6947,6920,6590,,,,,pYV1Sllmy0i+GsObKo/RNA,100,,,,,Crane 25T,E-17,,1.25,QT_Hour,,Y,Y,N,N,1,,RT_Equip,,,,,
48,6948,6920,6590,,,,,pfqXr8TlpE69XJ7Q6IAN5A,200,,,,,Vibrating Roller 16T,E-18,,1.25,QT_Hour,,Y,Y,N,N,1,,RT_Equip,,,,,
49,6949,6942,6590,,,,,5lDbTCfd8kiH7aN4XwyfQg,1000,,,,,Blaster,B-3,,1.25,QT_Hour,1.5,Y,Y,N,Y,1,,RT_Labor,,,,,
50,6950,6942,6590,,,,,zS6Hrkp6KE2t69P9EyDO6A,1100,,,,,Painter,P-1,,1.25,QT_Hour,1.5,Y,Y,N,Y,1,,RT_Labor,,,,,
51,6951,6942,6590,1575,,,,eoHXNjiI0EWlfyPpDntWLg,1,,,,,Crane Operator,CR-2,,1.25,QT_Hour,1.5,Y,Y,N,Y,1,,RT_Labor,,<HTML><BODY></BODY></HTML>,,,
52,6952,6942,6590,,,,,kFvZxRFlkEOHtOjRMHCtOA,1300,,,,,Carpenter,CR-3,,1.25,QT_Hour,1.5,Y,Y,N,Y,1,,RT_Labor,,,,,
53,6953,6942,6590,1569,,,,KxTy8/SVTESxoIp5pm2uTw,1200,,,,,Mason,M-1,,1.25,QT_Hour,1.5,Y,Y,N,Y,1,,RT_Labor,,,,,
54,6954,6926,6591,,,,,9I2exdGBM0afqQgEOCZOFg,21600,,,,,Soil investigation sub contractor,P4.1.1.1.1,,0.125,QT_Hour,0,Y,Y,Y,N,1,,RT_Mat,,,,,
55,6955,6926,6591,,,,,RIejsPOMKk+k45pqphurcA,21600,,,,,Engineering Design Calculations,P4.1.1.1.2,,0.125,QT_Hour,0,Y,Y,Y,N,1,,RT_Mat,,,,,
56,6956,6926,6591,,,,,lBAmtTAhk06f8Kl7P00Fzg,21600,,,,,Engineering Tank & foundation Drawings,P4.1.1.1.3,,0.125,QT_Hour,0,Y,Y,Y,N,1,,RT_Mat,,,,,
57,6957,6942,6590,1580,,,,HeUkIj5kr0a291yiBTjE3A,706,,,,,Scaffolder,S-1,,1.25,QT_Hour,1.5,Y,Y,N,Y,1,,RT_Labor,,,,,
58,6958,6942,6590,1579,,,,66vEChlOzEuywNIwVQIggA,705,,,,,Tack Welder,TW-1,,1.25,QT_Hour,1.5,Y,Y,N,Y,1,,RT_Labor,,,,,
59,6959,6927,6591,,,,,h1mtItemdUGfQE75MPwLBw,21600,,,,,Civil & Foundation,P4.1.1.2.6,,0.125,QT_Hour,0,Y,Y,Y,N,1,,RT_Mat,,,,,
60,6960,6927,6591,,,,,D9gLCEE13UObDovSDx27mw,21600,,,,,Aluminum Doom Roof subcontractor,P4.1.1.2.7,,0.125,QT_Hour,0,Y,Y,Y,N,1,,RT_Mat,,,,,
61,6961,6927,6591,,,,,k3wG6gii/kiV8zEbu+4Z1Q,21600,,,,,Instrumentation subcontractor,P4.1.1.2.8,,0.125,QT_Hour,0,Y,Y,Y,N,1,,RT_Mat,,,,,
62,6962,6927,6591,,,,,QL/A3OxH3UiwZkyvmDitOg,21600,,,,,Camp Facilities & Site Offices,P4.1.1.2.4,,0.125,QT_Hour,0,Y,Y,Y,N,1,,RT_Mat,,,,,
63,6963,6927,6591,,,,,SCOMUGNKHka3xMS+jhH6Pw,21600,,,,,Cathodic protection System subcontractor,P4.1.1.2.5,,0.125,QT_Hour,0,Y,Y,Y,N,1,,RT_Mat,,,,,
64,6964,6942,6590,1578,163,,,wJ+VQsy8vk+rpXqplyE+xQ,300,,,,,Fabricator,F-3,,1.25,QT_Hour,1.5,Y,Y,N,Y,1,,RT_Labor,,,,,
65,6965,6942,6590,1581,163,,,/ehmp/w8C0688enpDqYeDQ,800,,,,,Helper,H-1,,1.25,QT_Hour,1.5,Y,Y,N,Y,1,,RT_Labor,,,,,
66,6966,6942,6590,1576,,,,53PzlEz3/UG7fyiuJqchnA,101,,,,,Rigger,R-47,,1.25,QT_Hour,1.5,Y,Y,N,Y,1,,RT_Labor,,,,,
67,6967,6942,6590,1577,,,,RPuPTl4vqUKgtyuRgS0XgA,200,,,,,Driver,D-1,,1.25,QT_Hour,1.5,Y,Y,N,Y,1,,RT_Labor,,,,,
68,6968,6942,6590,1579,,,,QqjJdCoDxE60EdDb916sng,703,,,,,Welder 6G,W6-1,,1.25,QT_Hour,1.5,Y,Y,N,Y,1,,RT_Labor,,,,,
69,6969,6942,6590,1579,,,,NXJnRuDDD0KPgDCCxULVpQ,704,,,,,Auto Welding Operator,AW-1,,1.25,QT_Hour,1.5,Y,Y,N,Y,1,,RT_Labor,,,,,
70,6970,6927,6591,,,,,B9earSIpKkm/oZced7t6KQ,21600,,,,,"Platforms,Stairs & handrails (AZ Pre-fabricated works)",P4.1.1.2.17,,0.125,QT_Hour,0,Y,Y,Y,N,1,,RT_Mat,,,,,
71,6971,6927,6591,,,,,MHVqNusvf0qSfojY19Pz6A,21600,,,,,Delievery of the Pre-Fabricated Material to  Ma'aden Site,P4.1.1.2.18,,0.125,QT_Hour,0,Y,Y,Y,N,1,,RT_Mat,,,,,
72,6972,6933,6591,,,,,ZBk41nNOP0OtztXg+qkCbA,21600,,,,,"Mobilization(including Accomodation,fabrication yard, AZ equipment)",P4.1.1.3.19,,0.125,QT_Hour,0,Y,Y,Y,N,1,,RT_Mat,,,,,
73,6973,6933,6591,,,,,RfHR2lHO2k6PZanZmQipMA,21600,,,,,Civil works,P4.1.1.3.20,,0.125,QT_Hour,0,Y,Y,Y,N,1,,RT_Mat,,,,,
74,6974,6933,6591,,,,,5MXYZWJPNUe+9nAWFR9+hQ,21600,,,,,Foundation works,P4.1.1.3.21,,0.125,QT_Hour,0,Y,Y,Y,N,1,,RT_Mat,,,,,
75,6975,6933,6591,,,,,6bovz58XjUaZf+z/ivy2jA,21600,,,,,Annular & bottom Plates (Site Installation works),P4.1.1.3.22,,0.125,QT_Hour,0,Y,Y,Y,N,1,,RT_Mat,,,,,
76,6976,6933,6591,,,,,PuN4wUvjSUK4NvJu4F7kkw,21600,,,,,Shell Course #1(site Installation  works),P4.1.1.3.23,,0.125,QT_Hour,0,Y,Y,Y,N,1,,RT_Mat,,,,,
77,6977,6933,6591,,,,,BxeqehI93ECjGFuYp9DSNA,21600,,,,,Shell Course #2 (site Installation  works& testing),P4.1.1.3.24,,0.125,QT_Hour,0,Y,Y,Y,N,1,,RT_Mat,,,,,
78,6978,6933,6591,,,,,4ZKQxSQoeUW3EM7bwNV/Dw,21600,,,,,Shell Course #3 (site Installation  works& testing),P4.1.1.3.25,,0.125,QT_Hour,0,Y,Y,Y,N,1,,RT_Mat,,,,,
79,6979,6933,6591,,,,,8fm9/Vpdl0KPOrmf3DII0A,21600,,,,,Shell Course #4 (site Installation  works & testing),P4.1.1.3.26,,0.125,QT_Hour,0,Y,Y,Y,N,1,,RT_Mat,,,,,
80,6980,6942,6590,1569,,,,f7feXuYSKEGMbuQTjC0tCg,1400,,,,,Steel Workers,SW-1,,1.25,QT_Hour,1.5,Y,Y,N,Y,1,,RT_Labor,,,,,
81,6981,6927,6591,,,,,aAIYDZ3zMkuUDxEx88RPaA,21600,,,,,Plates Supplier,P4.1.1.2.9,,0.125,QT_Hour,0,Y,Y,Y,N,1,,RT_Mat,,,,,
82,6982,6927,6591,,,,,Y+WhPJqvv0+1Jp+jbZ56TQ,21600,,,,,"Profile material including(beams,Angels,Round bars,Flatbars,Checkers Plates)",P4.1.1.2.10,,0.125,QT_Hour,0,Y,Y,Y,N,1,,RT_Mat,,,,,
83,6983,6927,6591,,,,,DFyYG/nv50uK4tY6FBl5Zw,21600,,,,,"Pipes & fittings(including(Flanges,elbows,pad plates,pipes,nuts,bolts) supplier including Spar",P4.1.1.2.11,,0.125,QT_Hour,0,Y,Y,Y,N,1,,RT_Mat,,,,,
84,6984,6927,6591,,,,,eXWDqulzgU6ZmjqzY9yR0Q,21600,,,,,Paint supplier,P4.1.1.2.12,,0.125,QT_Hour,0,Y,Y,Y,N,1,,RT_Mat,,,,,
85,6985,6927,6591,,,,,zITjrhbqPUyVJE0jk0rCGA,21600,,,,,Raw Material Delievery to Alzamil Factory,P4.1.1.2.13,,0.125,QT_Hour,0,Y,Y,Y,N,1,,RT_Mat,,,,,
86,6986,6927,6591,,,,,yvOoOIXIc0OPY7YoetDeuw,21600,,,,,"Annular,buttom&sump plate Fabrication (AZ Pre-fabricated wroks)",P4.1.1.2.14,,0.125,QT_Hour,0,Y,Y,Y,N,1,,RT_Mat,,,,,
87,6987,6927,6591,,,,,2xFpt/T2U0emIUxpk1EP6A,21600,,,,,"Shell courses(AZ Pre-fabricated works) (#1,#2,#3,#4)",P4.1.1.2.15,,0.125,QT_Hour,0,Y,Y,Y,N,1,,RT_Mat,,,,,
88,6988,6927,6591,,,,,0ps5ZLnWaE+xBoY2YI36NA,21600,,,,,Shell Nozzles &manholes (AZ Pre-fabricated works),P4.1.1.2.16,,0.125,QT_Hour,0,Y,Y,Y,N,1,,RT_Mat,,,,,
89,6989,6933,6591,,,,,LVjmoatw+UGXjY0D6tdaGQ,21600,,,,,Hand over to Client (commissioning),P4.1.1.3.36,,0.125,QT_Hour,0,Y,Y,Y,N,1,,RT_Mat,,,,,
90,6990,6934,6591,,,,,TOMwhwHFeUOHkD2/jH1W8A,21600,,,,,Soil investigation sub contractor,P4.1.2.4.37,,0.125,QT_Hour,0,Y,Y,Y,N,1,,RT_Mat,,,,,
91,6991,6934,6591,,,,,OM2WZQgXOUm/tTCaB05msQ,21600,,,,,Engineering Design Calculations,P4.1.2.4.38,,0.125,QT_Hour,0,Y,Y,Y,N,1,,RT_Mat,,,,,
92,6992,6934,6591,,,,,R4UR8ts2Xk+yAgGSDl+LtQ,21600,,,,,Engineering Tank & foundation Drawings,P4.1.2.4.39,,0.125,QT_Hour,0,Y,Y,Y,N,1,,RT_Mat,,,,,
93,6993,6930,6591,,,,,KOigPl73skCqtyI8CfVopA,21600,,,,,Camp Facilities & Site Offices,P4.1.2.5.40,,0.125,QT_Hour,0,Y,Y,Y,N,1,,RT_Mat,,,,,
94,6994,6930,6591,,,,,HmQM9/XEnEmk/98YWlaKPQ,21600,,,,,Cathodic protection System subcontractor,P4.1.2.5.41,,0.125,QT_Hour,0,Y,Y,Y,N,1,,RT_Mat,,,,,
95,6995,6930,6591,,,,,s/ARLZn35k2MuqEGjeIrnQ,21600,,,,,Civil & Foundation,P4.1.2.5.42,,0.125,QT_Hour,0,Y,Y,Y,N,1,,RT_Mat,,,,,
96,6996,6930,6591,,,,,ch61PDvtJUG5cR/VVziR+w,21600,,,,,Aluminum Doom Roof subcontractor,P4.1.2.5.43,,0.125,QT_Hour,0,Y,Y,Y,N,1,,RT_Mat,,,,,
97,6997,6930,6591,,,,,lEbHW6rbf0yjH6CRV54eUQ,21600,,,,,Instrumentation subcontractor,P4.1.2.5.44,,0.125,QT_Hour,0,Y,Y,Y,N,1,,RT_Mat,,,,,
98,6998,6930,6591,,,,,V1Cf6PSSA0yHMHX/AZyy4A,21600,,,,,Plates Supplier,P4.1.2.5.45,,0.125,QT_Hour,0,Y,Y,Y,N,1,,RT_Mat,,,,,
99,6999,6930,6591,,,,,4wU3AyJHxECALC/1KJVlrQ,21600,,,,,"Profile material including(beams,Angels,Round bars,Flatbars,Checkers Plates)",P4.1.2.5.46,,0.125,QT_Hour,0,Y,Y,Y,N,1,,RT_Mat,,,,,
100,7000,6930,6591,,,,,1ZysYAv4v0u8EG1NUBEv3Q,21600,,,,,"Pipes & fittings(including(Flanges,elbows,pad plates,pipes,nuts,bolts) supplier including Spar",P4.1.2.5.47,,0.125,QT_Hour,0,Y,Y,Y,N,1,,RT_Mat,,,,,
101,7001,6930,6591,,,,,9qXOLZUu10aHFW78ivOUwQ,21600,,,,,Paint supplier,P4.1.2.5.48,,0.125,QT_Hour,0,Y,Y,Y,N,1,,RT_Mat,,,,,
102,7002,6930,6591,,,,,qehj4WO0kUqs7/y7YHmQhw,21600,,,,,Raw Material Delievery to Alzamil Factory,P4.1.2.5.49,,0.125,QT_Hour,0,Y,Y,Y,N,1,,RT_Mat,,,,,
103,7003,6930,6591,,,,,WWB0yZ3eQkqM2jz4nDiKjg,21600,,,,,"Annular,buttom&sump plate Fabrication (AZ Pre-fabricated wroks)",P4.1.2.5.50,,0.125,QT_Hour,0,Y,Y,Y,N,1,,RT_Mat,,,,,
104,7004,6930,6591,,,,,Vrx9gAcrgkyHAukozfGNIg,21600,,,,,"Shell courses(AZ Pre-fabricated works) (#1,#2,#3,#4)",P4.1.2.5.51,,0.125,QT_Hour,0,Y,Y,Y,N,1,,RT_Mat,,,,,
105,7005,6930,6591,,,,,KhlZjjK8oUm7H/AKbGjGhA,21600,,,,,Shell Nozzles &manholes (AZ Pre-fabricated works),P4.1.2.5.52,,0.125,QT_Hour,0,Y,Y,Y,N,1,,RT_Mat,,,,,
106,7006,6930,6591,,,,,T38BtOrHZUezoTlBN2E4Zg,21600,,,,,"Platforms,Stairs & handrails (AZ Pre-fabricated works)",P4.1.2.5.53,,0.125,QT_Hour,0,Y,Y,Y,N,1,,RT_Mat,,,,,
107,7007,6930,6591,,,,,lExnCz/A3E6fPW9EXPJFkA,21600,,,,,Delievery of the Pre-Fabricated Material to  Ma'aden Site,P4.1.2.5.54,,0.125,QT_Hour,0,Y,Y,Y,N,1,,RT_Mat,,,,,
108,7008,6931,6591,,,,,gQOctoT7kEmFcyFNBt/nMg,21600,,,,,"Mobilization(including Accomodation,fabrication yard, AZ equipment)",P4.1.2.6.55,,0.125,QT_Hour,0,Y,Y,Y,N,1,,RT_Mat,,,,,
109,7009,6931,6591,,,,,gPKbY7I9t0OXpgHC4Io2Pg,21600,,,,,Civil works,P4.1.2.6.56,,0.125,QT_Hour,0,Y,Y,Y,N,1,,RT_Mat,,,,,
110,7010,6931,6591,,,,,mWwGoeMvj0CwMRk2vSL1+Q,21600,,,,,Foundation works,P4.1.2.6.57,,0.125,QT_Hour,0,Y,Y,Y,N,1,,RT_Mat,,,,,
111,7011,6931,6591,,,,,ftqSF+wHBUeT0axABIzhGw,21600,,,,,Annular & bottom Plates (Site Installation works),P4.1.2.6.58,,0.125,QT_Hour,0,Y,Y,Y,N,1,,RT_Mat,,,,,
112,7012,6931,6591,,,,,gpdmeBeXF0O0kHedsz8VwQ,21600,,,,,Shell Course #1(site Installation  works),P4.1.2.6.59,,0.125,QT_Hour,0,Y,Y,Y,N,1,,RT_Mat,,,,,
113,7013,6931,6591,,,,,ZeZE7JkLDkqXu9xXGpxVrw,21600,,,,,Shell Course #2 (site Installation  works& testing),P4.1.2.6.60,,0.125,QT_Hour,0,Y,Y,Y,N,1,,RT_Mat,,,,,
114,7014,6931,6591,,,,,MxnibjAwSEmKMQWagq5FBQ,21600,,,,,Shell Course #3 (site Installation  works& testing),P4.1.2.6.61,,0.125,QT_Hour,0,Y,Y,Y,N,1,,RT_Mat,,,,,
115,7015,6931,6591,,,,,Waim9vDa6E+G9/Y+zPdr3w,21600,,,,,Shell Course #4 (site Installation  works & testing),P4.1.2.6.62,,0.125,QT_Hour,0,Y,Y,Y,N,1,,RT_Mat,,,,,
116,7016,6931,6591,,,,,uRFy6A+7qk6OhMjBTGAgrQ,21600,,,,,Curve Angel (site Installation  works),P4.1.2.6.63,,0.125,QT_Hour,0,Y,Y,Y,N,1,,RT_Mat,,,,,
117,7017,6931,6591,,,,,dc8pbEjqDk2Y02qtfI1oYQ,21600,,,,,Shell manholes & nozzles(site Installation works & testing),P4.1.2.6.64,,0.125,QT_Hour,0,Y,Y,Y,N,1,,RT_Mat,,,,,
118,7018,6931,6591,,,,,hL3hIT9WaU2CbY7PGSoFOw,21600,,,,,Aluminum Doom Roof (Site Installation  works),P4.1.2.6.65,,0.125,QT_Hour,0,Y,Y,Y,N,1,,RT_Mat,,,,,
119,7019,6931,6591,,,,,0P+P1ii0zU6Jyby6ppIZSQ,21600,,,,,Platforms & handrails (site Installation works),P4.1.2.6.66,,0.125,QT_Hour,0,Y,Y,Y,N,1,,RT_Mat,,,,,
120,7020,6931,6591,,,,,80Mgo3Nz70qPkLFEAU/a4Q,21600,,,,,Hydrotesting,P4.1.2.6.67,,0.125,QT_Hour,0,Y,Y,Y,N,1,,RT_Mat,,,,,
121,7021,6933,6591,,,,,weI0z5Hl1k+xNRCm9RQxdw,21600,,,,,Curve Angel (site Installation  works),P4.1.1.3.27,,0.125,QT_Hour,0,Y,Y,Y,N,1,,RT_Mat,,,,,
122,7022,6933,6591,,,,,PlYBrEAlIEqzfA86iJS+Ew,21600,,,,,Shell manholes & nozzles(site Installation works & testing),P4.1.1.3.28,,0.125,QT_Hour,0,Y,Y,Y,N,1,,RT_Mat,,,,,
123,7023,6933,6591,,,,,Q7kzlLHLMkOrkEjy8onHPg,21600,,,,,Aluminum Doom Roof (Site Installation  works),P4.1.1.3.29,,0.125,QT_Hour,0,Y,Y,Y,N,1,,RT_Mat,,,,,
124,7024,6933,6591,,,,,gXdZm2lTA0+pCGqQ28yq+Q,21600,,,,,Platforms & handrails (site Installation works),P4.1.1.3.30,,0.125,QT_Hour,0,Y,Y,Y,N,1,,RT_Mat,,,,,
125,7025,6933,6591,,,,,woI+8EYXwUi+2tgOEIUshA,21600,,,,,Hydrotesting,P4.1.1.3.31,,0.125,QT_Hour,0,Y,Y,Y,N,1,,RT_Mat,,,,,
126,7026,6933,6591,,,,,XmUQ80OUokawf3oR253s8w,21600,,,,,External site painting,P4.1.1.3.32,,0.125,QT_Hour,0,Y,Y,Y,N,1,,RT_Mat,,,,,
127,7027,6933,6591,,,,,PPdnEWwM3EOntuy+wiTWOw,21600,,,,,internal site painting,P4.1.1.3.33,,0.125,QT_Hour,0,Y,Y,Y,N,1,,RT_Mat,,,,,
128,7028,6933,6591,,,,,qN6tqJVdT0yVdNz4CxXjfA,21600,,,,,Electrical Site Works,P4.1.1.3.34,,0.125,QT_Hour,0,Y,Y,Y,N,1,,RT_Mat,,,,,
129,7029,6933,6591,,,,,Swhe+yp9i0KRWWxOE1yFzg,21600,,,,,Third Party Inspection,P4.1.1.3.35,,0.125,QT_Hour,0,Y,Y,Y,N,1,,RT_Mat,,,,,
130,7030,6938,6591,,,,,uRc/7VIPCEGcKgGvCG08vg,21600,,,,,Cathodic protection System subcontractor,P4.1.3.8.77,,0.125,QT_Hour,0,Y,Y,Y,N,1,,RT_Mat,,,,,
131,7031,6938,6591,,,,,K3HHJoRUpU+JmMXsnnA9Sg,21600,,,,,Civil & Foundation,P4.1.3.8.78,,0.125,QT_Hour,0,Y,Y,Y,N,1,,RT_Mat,,,,,
132,7032,6938,6591,,,,,uVxb/nxGOEiMDAb07TLwzw,21600,,,,,Aluminum Doom Roof subcontractor,P4.1.3.8.79,,0.125,QT_Hour,0,Y,Y,Y,N,1,,RT_Mat,,,,,
133,7033,6938,6591,,,,,4TDF9mUfaEawEzOfQRMGXA,21600,,,,,Instrumentation subcontractor,P4.1.3.8.80,,0.125,QT_Hour,0,Y,Y,Y,N,1,,RT_Mat,,,,,
134,7034,6938,6591,,,,,VG6SCQGt/k6Cow21/VBT8g,21600,,,,,Plates Supplier,P4.1.3.8.81,,0.125,QT_Hour,0,Y,Y,Y,N,1,,RT_Mat,,,,,
135,7035,6938,6591,,,,,jBOGG8hPTky53fmbWmSpyQ,21600,,,,,"Profile material including(beams,Angels,Round bars,Flatbars,Checkers Plates)",P4.1.3.8.82,,0.125,QT_Hour,0,Y,Y,Y,N,1,,RT_Mat,,,,,
136,7036,6938,6591,,,,,XBA47X1TD0eqGmZL6ynhCg,21600,,,,,"Pipes & fittings(including(Flanges,elbows,pad plates,pipes,nuts,bolts) supplier including Spar",P4.1.3.8.83,,0.125,QT_Hour,0,Y,Y,Y,N,1,,RT_Mat,,,,,
137,7037,6938,6591,,,,,RCkMmkiszEqQhEUb9cG1mA,21600,,,,,Paint supplier,P4.1.3.8.84,,0.125,QT_Hour,0,Y,Y,Y,N,1,,RT_Mat,,,,,
138,7038,6938,6591,,,,,NYIULd1VhEWbYWQwYNUxKA,21600,,,,,Raw Material Delievery to Alzamil Factory,P4.1.3.8.85,,0.125,QT_Hour,0,Y,Y,Y,N,1,,RT_Mat,,,,,
139,7039,6938,6591,,,,,nBZVFuCwYU6fvuU2HpAQQQ,21600,,,,,"Annular,buttom&sump plate Fabrication (AZ Pre-fabricated wroks)",P4.1.3.8.86,,0.125,QT_Hour,0,Y,Y,Y,N,1,,RT_Mat,,,,,
140,7040,6938,6591,,,,,D3Nez6GffUCZDyirgVI0Eg,21600,,,,,"Shell courses(AZ Pre-fabricated works) (#1,#2,#3,#4)",P4.1.3.8.87,,0.125,QT_Hour,0,Y,Y,Y,N,1,,RT_Mat,,,,,
141,7041,6938,6591,,,,,gXWk27QCzkGQvToEzRRi0Q,21600,,,,,Shell Nozzles &manholes (AZ Pre-fabricated works),P4.1.3.8.88,,0.125,QT_Hour,0,Y,Y,Y,N,1,,RT_Mat,,,,,
142,7042,6938,6591,,,,,QmhiefrKjEaXx2bgL3MX2g,21600,,,,,"Platforms,Stairs & handrails (AZ Pre-fabricated works)",P4.1.3.8.89,,0.125,QT_Hour,0,Y,Y,Y,N,1,,RT_Mat,,,,,
143,7043,6938,6591,,,,,2XyQhVbCgUKVbmWfuD9a5g,21600,,,,,Delievery of the Pre-Fabricated Material to  Ma'aden Site,P4.1.3.8.90,,0.125,QT_Hour,0,Y,Y,Y,N,1,,RT_Mat,,,,,
144,7044,6939,6591,,,,,TCcf2CjWoECPPZtoILz/KA,21600,,,,,"Mobilization(including Accomodation,fabrication yard, AZ equipment)",P4.1.3.9.91,,0.125,QT_Hour,0,Y,Y,Y,N,1,,RT_Mat,,,,,
145,7045,6939,6591,,,,,mJRxJ6Dgt0qvEAgi6wdldw,21609,,,,,Civil works,P4.1.3.9.92,,0.125,QT_Hour,0,Y,Y,Y,N,1,,RT_Mat,,,,,
146,7046,6939,6591,,,,,sJd+vo5sakW7+AgkRfdbog,21600,,,,,Foundation works,P4.1.3.9.93,,0.125,QT_Hour,0,Y,Y,Y,N,1,,RT_Mat,,,,,
147,7047,6939,6591,,,,,BSGEqWtz6k6rRpcmmH8IUw,21600,,,,,Annular & bottom Plates (Site Installation works),P4.1.3.9.94,,0.125,QT_Hour,0,Y,Y,Y,N,1,,RT_Mat,,,,,
148,7048,6939,6591,,,,,JbyaCbVIDk2FoBH7VWs1RQ,21600,,,,,Shell Course #1(site Installation  works),P4.1.3.9.95,,0.125,QT_Hour,0,Y,Y,Y,N,1,,RT_Mat,,,,,
149,7049,6939,6591,,,,,Sm8ovVR+jku9ZCpA5grI3A,21600,,,,,Shell Course #2 (site Installation  works& testing),P4.1.3.9.96,,0.125,QT_Hour,0,Y,Y,Y,N,1,,RT_Mat,,,,,
150,7050,6939,6591,,,,,Zi1UKiwfD0CwcILl8ZeFlw,21600,,,,,Shell Course #3 (site Installation  works& testing),P4.1.3.9.97,,0.125,QT_Hour,0,Y,Y,Y,N,1,,RT_Mat,,,,,
151,7051,6939,6591,,,,,OZ28AoLXXUCuN+FTF18aZw,21600,,,,,Shell Course #4 (site Installation  works & testing),P4.1.3.9.98,,0.125,QT_Hour,0,Y,Y,Y,N,1,,RT_Mat,,,,,
152,7052,6939,6591,,,,,OA2dEP7iWEOSpsxCpfbhtA,21600,,,,,Curve Angel (site Installation  works),P4.1.3.9.99,,0.125,QT_Hour,0,Y,Y,Y,N,1,,RT_Mat,,,,,
153,7053,6939,6591,,,,,HNaiU2AKPUeXiWCWmBSorQ,0,,,,,Shell manholes & nozzles(site Installation works & testing),P4.1.3.9.100,,0.125,QT_Hour,0,Y,Y,Y,N,1,,RT_Mat,,,,,
154,7054,6939,6591,,,,,j3wDTnyTJ0q3aKwzaCiMrA,1,,,,,Aluminum Doom Roof (Site Installation  works),P4.1.3.9.101,,0.125,QT_Hour,0,Y,Y,Y,N,1,,RT_Mat,,,,,
155,7055,6939,6591,,,,,YV/Xse5g0kGGpSbwMXE6DQ,2,,,,,Platforms & handrails (site Installation works),P4.1.3.9.102,,0.125,QT_Hour,0,Y,Y,Y,N,1,,RT_Mat,,,,,
156,7056,6939,6591,,,,,kJnnRkl3aE6prvX2MflHng,3,,,,,Hydrotesting,P4.1.3.9.103,,0.125,QT_Hour,0,Y,Y,Y,N,1,,RT_Mat,,,,,
157,7057,6939,6591,,,,,bx0rXk2l4kee4EnDRPHIoA,4,,,,,External site painting,P4.1.3.9.104,,0.125,QT_Hour,0,Y,Y,Y,N,1,,RT_Mat,,,,,
158,7058,6939,6591,,,,,me5bQMFs40CBC2m9In0kKQ,5,,,,,internal site painting,P4.1.3.9.105,,0.125,QT_Hour,0,Y,Y,Y,N,1,,RT_Mat,,,,,
159,7059,6939,6591,,,,,COUUUyA8w0mTAXBgLGOzEA,6,,,,,Electrical Site Works,P4.1.3.9.106,,0.125,QT_Hour,0,Y,Y,Y,N,1,,RT_Mat,,,,,
160,7060,6939,6591,,,,,XKp4y3fgyU2BNqnTeJH9gg,7,,,,,Third Party Inspection,P4.1.3.9.107,,0.125,QT_Hour,0,Y,Y,Y,N,1,,RT_Mat,,,,,
161,7061,6939,6591,,,,,0ocV7o4JVUeLEj9m1aUIlQ,8,,,,,Hand over to Client (commissioning),P4.1.3.9.108,,0.125,QT_Hour,0,Y,Y,Y,N,1,,RT_Mat,,,,,
162,7062,6931,6591,,,,,ASPg2DBQXE6Uv8CREMZKPg,21600,,,,,External site painting,P4.1.2.6.68,,0.125,QT_Hour,0,Y,Y,Y,N,1,,RT_Mat,,,,,
163,7063,6931,6591,,,,,wVyJ4OOlXkGDS0ncTw9w/w,21600,,,,,internal site painting,P4.1.2.6.69,,0.125,QT_Hour,0,Y,Y,Y,N,1,,RT_Mat,,,,,
164,7064,6931,6591,,,,,7sHmw+X/LkeIcwRp7bUOAA,21600,,,,,Electrical Site Works,P4.1.2.6.70,,0.125,QT_Hour,0,Y,Y,Y,N,1,,RT_Mat,,,,,
165,7065,6931,6591,,,,,7V/t2GIM2keDEwBwanRU8Q,21600,,,,,Third Party Inspection,P4.1.2.6.71,,0.125,QT_Hour,0,Y,Y,Y,N,1,,RT_Mat,,,,,
166,7066,6931,6591,,,,,XGqn6yXsLEGMx5X92E5GNg,21600,,,,,Hand over to Client (commissioning),P4.1.2.6.72,,0.125,QT_Hour,0,Y,Y,Y,N,1,,RT_Mat,,,,,
167,7067,6932,6591,,,,,62CahKQfJ0a//ILc3WTAgA,21600,,,,,Soil investigation sub contractor,P4.1.3.7.73,,0.125,QT_Hour,0,Y,Y,Y,N,1,,RT_Mat,,,,,
168,7068,6932,6591,,,,,zLiPSOjP8UeQp4KbF/xXnA,21600,,,,,Engineering Design Calculations,P4.1.3.7.74,,0.125,QT_Hour,0,Y,Y,Y,N,1,,RT_Mat,,,,,
169,7069,6932,6591,,,,,vFk3vWaQtUa/SQcEzvFdBQ,21600,,,,,Engineering Tank & foundation Drawings,P4.1.3.7.75,,0.125,QT_Hour,0,Y,Y,Y,N,1,,RT_Mat,,,,,
170,7070,6938,6591,,,,,agXAUcCqFkm1tVdK3WEelA,21600,,,,,Camp Facilities & Site Offices,P4.1.3.8.76,,0.125,QT_Hour,0,Y,Y,Y,N,1,,RT_Mat,,,,,
171,7071,6940,6591,,,,,MyAeBtO8mUWRfkdDnv1R4w,22500,,,,,Soil investigation sub contractor,P4.2.1.1.1,,0.125,QT_Hour,0,Y,Y,Y,N,1,,RT_Mat,,,,,
172,7072,6940,6591,,,,,PGLlq6cwOE+p6WfsScDAMw,22500,,,,,Engineering Design Calculations,P4.2.1.1.2,,0.125,QT_Hour,0,Y,Y,Y,N,1,,RT_Mat,,,,,
173,7073,6940,6591,,,,,FyTiKkBfj0KkwI2T+YgAyQ,22500,,,,,Engineering Tank & foundation Drawings,P4.2.1.1.3,,0.125,QT_Hour,0,Y,Y,Y,N,1,,RT_Mat,,,,,
174,7074,6936,6591,,,,,pLnmBFTLZECTLmKnsPtI3w,22500,,,,,Camp Facilities & Site Offices,P4.2.1.2.4,,0.125,QT_Hour,0,Y,Y,Y,N,1,,RT_Mat,,,,,
175,7075,6936,6591,,,,,Y8KL7eQHfkalKTLvf9kNvA,22500,,,,,Cathodic protection System subcontractor,P4.2.1.2.5,,0.125,QT_Hour,0,Y,Y,Y,N,1,,RT_Mat,,,,,
176,7076,6936,6591,,,,,lI+hh/aVekORNlo3gD6DJA,22500,,,,,Civil & Foundation Material,P4.2.1.2.6,,0.125,QT_Hour,0,Y,Y,Y,N,1,,RT_Mat,,,,,
177,7077,6936,6591,,,,,BiMBzSCvE0eeMIbPefIOTA,22500,,,,,Aluminum Doom Roof subcontractor,P4.2.1.2.7,,0.125,QT_Hour,0,Y,Y,Y,N,1,,RT_Mat,,,,,
178,7078,6936,6591,,,,,JfCZprAgw0yTQ0CUeMckog,22500,,,,,Instrumentation subcontractor,P4.2.1.2.8,,0.125,QT_Hour,0,Y,Y,Y,N,1,,RT_Mat,,,,,
179,7079,6936,6591,,,,,8eCbHhEU1kmbLWWbqanDBA,22500,,,,,Plates Supplier,P4.2.1.2.9,,0.125,QT_Hour,0,Y,Y,Y,N,1,,RT_Mat,,,,,
180,7080,6936,6591,,,,,OcugSlDmT0GLnRDD/BKj+A,22500,,,,,"Profile material including(beams,Angels,Round bars,Flatbars,Checkers Plates)",P4.2.1.2.10,,0.125,QT_Hour,0,Y,Y,Y,N,1,,RT_Mat,,,,,
181,7081,6936,6591,,,,,BhAbSGTJdEmAkCR7Gf/R4Q,22500,,,,,"Pipes & fittings(including(Flanges,elbows,pad plates,pipes,nuts,bolts) supplier including Spar",P4.2.1.2.11,,0.125,QT_Hour,0,Y,Y,Y,N,1,,RT_Mat,,,,,
182,7082,6936,6591,,,,,Ni0xc7CvTECsJ+L1GuU4tg,22500,,,,,Paint supplier,P4.2.1.2.12,,0.125,QT_Hour,0,Y,Y,Y,N,1,,RT_Mat,,,,,
183,7083,6936,6591,,,,,fcQ18knrZ0izlCLV9oGJ5A,22500,,,,,Raw Material Delievery to Alzamil Factory,P4.2.1.2.13,,0.125,QT_Hour,0,Y,Y,Y,N,1,,RT_Mat,,,,,
184,7084,6936,6591,,,,,6HB3MAuS3kaCUZ+0lJihqA,22500,,,,,"Annular,buttom&sump plate Fabrication (AZ Pre-fabricated wroks)",P4.2.1.2.14,,0.125,QT_Hour,0,Y,Y,Y,N,1,,RT_Mat,,,,,
185,7085,6936,6591,,,,,A03kJz9DUUuMA9y2vXJ4Fw,22500,,,,,"Shell courses(AZ Pre-fabricated works) (#1,#2,#3,#4)",P4.2.1.2.15,,0.125,QT_Hour,0,Y,Y,Y,N,1,,RT_Mat,,,,,
186,7086,6936,6591,,,,,0el6kGYaxkmtQ2rViZJlVA,22500,,,,,Shell Nozzles &manholes (AZ Pre-fabricated works),P4.2.1.2.16,,0.125,QT_Hour,0,Y,Y,Y,N,1,,RT_Mat,,,,,
187,7087,6936,6591,,,,,1gjV7C8r1UuEilLiim66Eg,22500,,,,,"Platforms,Stairs & handrails (AZ Pre-fabricated works)",P4.2.1.2.17,,0.125,QT_Hour,0,Y,Y,Y,N,1,,RT_Mat,,,,,
188,7088,6936,6591,,,,,SGC4tSKkdke5cvR9mjXLBA,22500,,,,,Delievery of the Pre-Fabricated Material to  Ma'aden Site,P4.2.1.2.18,,0.125,QT_Hour,0,Y,Y,Y,N,1,,RT_Mat,,,,,
189,7089,6937,6591,,,,,GxZKjRt8SEymh9nBHLG98g,22500,,,,,"Mobilization(including Accomodation,fabrication yard, AZ equipment)",P4.2.1.3.19,,0.125,QT_Hour,0,Y,Y,Y,N,1,,RT_Mat,,,,,
190,7090,6937,6591,,,,,+PZV1yd4MUSyjVjbbUgRgA,22500,,,,,Civil works,P4.2.1.3.20,,0.125,QT_Hour,0,Y,Y,Y,N,1,,RT_Mat,,,,,
191,7091,6937,6591,,,,,WyCEfxlC8kyGrsW37aDKfw,22500,,,,,Foundation works,P4.2.1.3.21,,0.125,QT_Hour,0,Y,Y,Y,N,1,,RT_Mat,,,,,
192,7092,6937,6591,,,,,kn8F9p2/Tk+cas1Jlnqwwg,22500,,,,,Annular & bottom Plates (Site Installation works),P4.2.1.3.22,,0.125,QT_Hour,0,Y,Y,Y,N,1,,RT_Mat,,,,,
193,7093,6937,6591,,,,,xcIP5d0LMkaWz0SMOeIXFg,22500,,,,,Shell Course #1(site Installation  works),P4.2.1.3.23,,0.125,QT_Hour,0,Y,Y,Y,N,1,,RT_Mat,,,,,
194,7094,6937,6591,,,,,zk/c0n2P6UCJi5vy5EmBUw,22500,,,,,Shell Course #2 (site Installation  works& testing),P4.2.1.3.24,,0.125,QT_Hour,0,Y,Y,Y,N,1,,RT_Mat,,,,,
195,7095,6937,6591,,,,,+we9pAM6hkiPCNJnG/bwlQ,22500,,,,,Shell Course #3 (site Installation  works& testing),P4.2.1.3.25,,0.125,QT_Hour,0,Y,Y,Y,N,1,,RT_Mat,,,,,
196,7096,6937,6591,,,,,J91q/y4axU+ju76M6IoJvw,22500,,,,,Shell Course #4 (site Installation  works & testing),P4.2.1.3.26,,0.125,QT_Hour,0,Y,Y,Y,N,1,,RT_Mat,,,,,
197,7097,6937,6591,,,,,GWCeLT9HC0WVTqa+pyVCDw,22500,,,,,Curve Angel (site Installation  works),P4.2.1.3.27,,0.125,QT_Hour,0,Y,Y,Y,N,1,,RT_Mat,,,,,
198,7098,6937,6591,,,,,LuNr3p06/ke8eZhyaNBWvA,22500,,,,,Shell manholes & nozzles(site Installation works & testing),P4.2.1.3.28,,0.125,QT_Hour,0,Y,Y,Y,N,1,,RT_Mat,,,,,
199,7099,6937,6591,,,,,Zf4FU80m6U+oELnc/d5GqQ,22500,,,,,Aluminum Doom Roof (Site Installation  works),P4.2.1.3.29,,0.125,QT_Hour,0,Y,Y,Y,N,1,,RT_Mat,,,,,
200,7100,6937,6591,,,,,NXT4pcsrAUa4nUM1Y+eToA,22500,,,,,Platforms & handrails (site Installation works),P4.2.1.3.30,,0.125,QT_Hour,0,Y,Y,Y,N,1,,RT_Mat,,,,,
201,7101,6937,6591,,,,,E7F1dOuRUUyT0QvUrJiZew,22500,,,,,Hydrotesting,P4.2.1.3.31,,0.125,QT_Hour,0,Y,Y,Y,N,1,,RT_Mat,,,,,
202,7102,6937,6591,,,,,d1YW7I7qyUyCc6Dykdbb5Q,22500,,,,,External site painting,P4.2.1.3.32,,0.125,QT_Hour,0,Y,Y,Y,N,1,,RT_Mat,,,,,
203,7103,6937,6591,,,,,cLUqFomBtkyx8LdKau5YOQ,22500,,,,,internal site painting,P4.2.1.3.33,,0.125,QT_Hour,0,Y,Y,Y,N,1,,RT_Mat,,,,,
204,7104,6937,6591,,,,,RHgw2uUf3U6K0JKzEIZx5g,22500,,,,,Electrical Site Works,P4.2.1.3.34,,0.125,QT_Hour,0,Y,Y,Y,N,1,,RT_Mat,,,,,
205,7105,6937,6591,,,,,mp0L4eS6ikCBsx7mSGmxRQ,22500,,,,,Third Party Inspection,P4.2.1.3.35,,0.125,QT_Hour,0,Y,Y,Y,N,1,,RT_Mat,,,,,
206,7106,6937,6591,,,,,Vlto9KwcO0a/gYEJoyLkAw,22500,,,,,Hand over to Client (commissioning),P4.2.1.3.36,,0.125,QT_Hour,0,Y,Y,Y,N,1,,RT_Mat,,,,,
207,7107,6941,6591,,,,,bUWQTH1We0yfFXEoYH04bg,22500,,,,,Soil investigation sub contractor,P4.2.2.4.37,,0.125,QT_Hour,0,Y,Y,Y,N,1,,RT_Mat,,,,,
208,7108,6941,6591,,,,,xQG1+TCotkeTjhzTsbfEAg,22500,,,,,Engineering Design Calculations,P4.2.2.4.38,,0.125,QT_Hour,0,Y,Y,Y,N,1,,RT_Mat,,,,,
209,7109,6941,6591,,,,,gGsueKBGuUy8hVuUHuXK+A,22500,,,,,Engineering Tank & foundation Drawings,P4.2.2.4.39,,0.125,QT_Hour,0,Y,Y,Y,N,1,,RT_Mat,,,,,
210,7110,6929,6591,,,,,nZ/tXUT6vE6LIU+7FBVMmA,22500,,,,,Camp Facilities & Site Offices,P4.2.2.5.40,,0.125,QT_Hour,0,Y,Y,Y,N,1,,RT_Mat,,,,,
211,7111,6929,6591,,,,,jdIiFqOSq0q6IXBxHxONVw,22500,,,,,Cathodic protection System subcontractor,P4.2.2.5.41,,0.125,QT_Hour,0,Y,Y,Y,N,1,,RT_Mat,,,,,
212,7112,6929,6591,,,,,+s6dkfr7Fk+IjTqzxxT6+Q,22500,,,,,Civil & Foundation Material,P4.2.2.5.42,,0.125,QT_Hour,0,Y,Y,Y,N,1,,RT_Mat,,,,,
213,7113,6929,6591,,,,,pRWEGlC6SU+yjln+hiqylQ,22500,,,,,Aluminum Doom Roof subcontractor,P4.2.2.5.43,,0.125,QT_Hour,0,Y,Y,Y,N,1,,RT_Mat,,,,,
214,7114,6929,6591,,,,,0PMZypYZwU2/sKyoD1iUAg,22500,,,,,Instrumentation subcontractor,P4.2.2.5.44,,0.125,QT_Hour,0,Y,Y,Y,N,1,,RT_Mat,,,,,
215,7115,6929,6591,,,,,6UI9HS1JAU+SmSzTYch0Vg,22500,,,,,Plates Supplier,P4.2.2.5.45,,0.125,QT_Hour,0,Y,Y,Y,N,1,,RT_Mat,,,,,
216,7116,6929,6591,,,,,yDkMnei4E0auShcrkTa42w,22500,,,,,"Profile material including(beams,Angels,Round bars,Flatbars,Checkers Plates)",P4.2.2.5.46,,0.125,QT_Hour,0,Y,Y,Y,N,1,,RT_Mat,,,,,
217,7117,6929,6591,,,,,NO5VxHMnlU6a/ezCd09vhQ,22500,,,,,"Pipes & fittings(including(Flanges,elbows,pad plates,pipes,nuts,bolts) supplier including Spar",P4.2.2.5.47,,0.125,QT_Hour,0,Y,Y,Y,N,1,,RT_Mat,,,,,
218,7118,6929,6591,,,,,2nDAFeh6zEKhzdEx7dZTqA,22500,,,,,Paint supplier,P4.2.2.5.48,,0.125,QT_Hour,0,Y,Y,Y,N,1,,RT_Mat,,,,,
219,7119,6929,6591,,,,,q24AKuG8Pkqjory6HJFclA,22500,,,,,Raw Material Delievery to Alzamil Factory,P4.2.2.5.49,,0.125,QT_Hour,0,Y,Y,Y,N,1,,RT_Mat,,,,,
220,7120,6929,6591,,,,,Ug6D8eTQp0iLHA2wZtuR0w,22500,,,,,"Annular,buttom&sump plate Fabrication (AZ Pre-fabricated wroks)",P4.2.2.5.50,,0.125,QT_Hour,0,Y,Y,Y,N,1,,RT_Mat,,,,,
221,7121,6929,6591,,,,,5G9mtD5zekSQ9dIgfX37Yw,22500,,,,,"Shell courses(AZ Pre-fabricated works) (#1,#2,#3,#4)",P4.2.2.5.51,,0.125,QT_Hour,0,Y,Y,Y,N,1,,RT_Mat,,,,,
222,7122,6929,6591,,,,,HEzMwSkiKEOO4Dcazuc7rQ,22500,,,,,Shell Nozzles &manholes (AZ Pre-fabricated works),P4.2.2.5.52,,0.125,QT_Hour,0,Y,Y,Y,N,1,,RT_Mat,,,,,
223,7123,6929,6591,,,,,Jw+FxK7SQ0eJ6NxSmDO7yA,22500,,,,,"Platforms,Stairs & handrails (AZ Pre-fabricated works)",P4.2.2.5.53,,0.125,QT_Hour,0,Y,Y,Y,N,1,,RT_Mat,,,,,
224,7124,6929,6591,,,,,fQBop5aeykSvw7UlN74eIg,22500,,,,,Delievery of the Pre-Fabricated Material to  Ma'aden Site,P4.2.2.5.54,,0.125,QT_Hour,0,Y,Y,Y,N,1,,RT_Mat,,,,,
225,7125,6943,6591,,,,,KeX2NHfHwkONRD7/mm8eZg,22500,,,,,"Mobilization(including Accomodation,fabrication yard, AZ equipment)",P4.2.2.6.55,,0.125,QT_Hour,0,Y,Y,Y,N,1,,RT_Mat,,,,,
226,7126,6943,6591,,,,,OPe6xBCEzUusIhW4WqyQ6g,22500,,,,,Civil works,P4.2.2.6.56,,0.125,QT_Hour,0,Y,Y,Y,N,1,,RT_Mat,,,,,
227,7127,6943,6591,,,,,Rk2fPwhksUKdCSd54l3mag,22500,,,,,Foundation works,P4.2.2.6.57,,0.125,QT_Hour,0,Y,Y,Y,N,1,,RT_Mat,,,,,
228,7128,6943,6591,,,,,zaGHLHkHSE2/BvzRAV3MSQ,22500,,,,,Annular & bottom Plates (Site Installation works),P4.2.2.6.58,,0.125,QT_Hour,0,Y,Y,Y,N,1,,RT_Mat,,,,,
229,7129,6943,6591,,,,,ThTeuO7PY0OtbmwVmCIbmw,22500,,,,,Shell Course #1(site Installation  works),P4.2.2.6.59,,0.125,QT_Hour,0,Y,Y,Y,N,1,,RT_Mat,,,,,
230,7130,6943,6591,,,,,wKZBUYsHjkWyqRxpwN5sxQ,22500,,,,,Shell Course #2 (site Installation  works& testing),P4.2.2.6.60,,0.125,QT_Hour,0,Y,Y,Y,N,1,,RT_Mat,,,,,
231,7131,6943,6591,,,,,pLpngehhaEG9Pt9aNiUUvA,22500,,,,,Shell Course #3 (site Installation  works& testing),P4.2.2.6.61,,0.125,QT_Hour,0,Y,Y,Y,N,1,,RT_Mat,,,,,
232,7132,6943,6591,,,,,QVxgGL9QeUiU/8E1THHrIw,22500,,,,,Shell Course #4 (site Installation  works & testing),P4.2.2.6.62,,0.125,QT_Hour,0,Y,Y,Y,N,1,,RT_Mat,,,,,
233,7133,6943,6591,,,,,nrrV/TTho0ecuCwP9y5gnw,22500,,,,,Curve Angel (site Installation  works),P4.2.2.6.63,,0.125,QT_Hour,0,Y,Y,Y,N,1,,RT_Mat,,,,,
234,7134,6943,6591,,,,,EvQ6HPhKR0imfDE3BPGGAw,22500,,,,,Shell manholes & nozzles(site Installation works & testing),P4.2.2.6.64,,0.125,QT_Hour,0,Y,Y,Y,N,1,,RT_Mat,,,,,
235,7135,6943,6591,,,,,RMNC6Gq7R02vcXMxuAHO2w,22500,,,,,Aluminum Doom Roof (Site Installation  works),P4.2.2.6.65,,0.125,QT_Hour,0,Y,Y,Y,N,1,,RT_Mat,,,,,
236,7136,6943,6591,,,,,qjXdE1RIJ06gaypc2+Mv+g,22500,,,,,Platforms & handrails (site Installation works),P4.2.2.6.66,,0.125,QT_Hour,0,Y,Y,Y,N,1,,RT_Mat,,,,,
237,7137,6943,6591,,,,,DQSnzKPZpUKpDi6ZkO+WsA,22500,,,,,Hydrotesting,P4.2.2.6.67,,0.125,QT_Hour,0,Y,Y,Y,N,1,,RT_Mat,,,,,
238,7138,6943,6591,,,,,xc+pAWmp2Ued7+mnLX+TpQ,22500,,,,,External site painting,P4.2.2.6.68,,0.125,QT_Hour,0,Y,Y,Y,N,1,,RT_Mat,,,,,
239,7139,6943,6591,,,,,NWGUkhCSck605omY/nV84g,22500,,,,,internal site painting,P4.2.2.6.69,,0.125,QT_Hour,0,Y,Y,Y,N,1,,RT_Mat,,,,,
240,7140,6943,6591,,,,,2wNSP1bHrEKQFKAqLu2uzg,22500,,,,,Electrical Site Works,P4.2.2.6.70,,0.125,QT_Hour,0,Y,Y,Y,N,1,,RT_Mat,,,,,
241,7141,6943,6591,,,,,1b+rWdYMcUaxZ2CJokGy5g,22500,,,,,Third Party Inspection,P4.2.2.6.71,,0.125,QT_Hour,0,Y,Y,Y,N,1,,RT_Mat,,,,,
242,7142,6943,6591,,,,,BS1JPds950qQWGFUuuTOyw,22500,,,,,Hand over to Client (commissioning),P4.2.2.6.72,,0.125,QT_Hour,0,Y,Y,Y,N,1,,RT_Mat,,,,,
243,7880,,7842,,,,,n2oNJEyY5U6lHXWHAHeKbw,22,,,,,JFJS745-Petrofac Manhours,PMP,,0.125,QT_Hour,,Y,Y,Y,N,1,,RT_Labor,,,,,
244,7882,7880,7842,,,,,wHOoGUV/90mhRAJ82wxoHQ,100,,,,,Equipment,E,,0.125,QT_Hour,,Y,Y,Y,N,1,,RT_Equip,,,,,
245,8038,7882,7842,,,,,sIlj3O4BS0GKegHU1DWT0g,2,,,,,Generator,GN-PET,,1,QT_Hour,,Y,Y,Y,N,1,,RT_Equip,,,,,
246,8039,7882,7842,,,,,ffcKGvGA6EejMFzE6ezmvw,4,,,,,Forklift,FL-PET,,1,QT_Hour,,Y,Y,Y,N,1,,RT_Equip,,,,,
247,8040,7882,7842,,,,,6TLtsbiDH0m7SuujRepNEg,5,,,,,Auto Girth Machine,AWM-PET,,1,QT_Hour,,Y,Y,Y,N,1,,RT_Equip,,,,,
248,8041,7882,7842,,,,,OKJU3x04dUWYtrOQVke4rA,5,,,,,Welding Machine,WM-PET,,1,QT_Hour,,Y,Y,Y,N,1,,RT_Equip,,,,,
249,8042,7882,7842,,,,,dZaPLtuW1E67GrMwsR9Nxg,6,,,,,Auto LT7,PM-PET,,1,QT_Hour,,Y,Y,Y,N,1,,RT_Equip,,,,,
250,8043,7882,7842,,,,,s+sEeWWZmUCPYj/9TnLFzg,7,,,,,Crane,C-PET,,1,QT_Hour,,Y,Y,Y,N,1,,RT_Equip,,,,,
251,8044,7882,7842,,,,,fQcL9C8qOECDho4Ou18tfw,8,,,,,Air Compressor,AC-PET,,1,QT_Hour,,Y,Y,Y,N,1,,RT_Equip,,,,,
252,8056,7882,7842,,,,,MRYxOGm9dkuX36B7yqtpYQ,1,,,,,Painting Machine,PAM-PET,,1,QT_Hour,,Y,Y,Y,N,1,,RT_Equip,,,,,
253,8057,7882,7842,,,,,JhXIYGWHZkyE7yYpMkPtRQ,0,,,,,Blasting Machine,BLM-PET,,1,QT_Hour,,Y,Y,Y,N,1,,RT_Equip,,,,,
254,8373,7880,7842,,,,,9/zvIVKBF0SvhlH8uWwlxA,3,,,,,Site Labor Manhours,R-9,,0,QT_Hour,0,Y,Y,Y,N,1,,RT_Labor,,,,,
255,8374,8373,7842,,,,,FBBI1YNWZUmKH396aGwcaA,0,,,,,TK 715,R-51,,0.1,QT_Hour,,Y,Y,Y,N,1,,RT_Labor,,,,,
256,8375,8373,7842,,,,,V7HXyLQzC0qw5mCPanlDGQ,1,,,,,TK 710,R-52,,0.1,QT_Hour,,Y,Y,Y,N,1,,RT_Labor,,,,,
257,8376,8373,7842,,,,,Fj39m0CRokGOySqBmEIN+A,4,,,,,TK 720,R-53,,0.1,QT_Hour,,Y,Y,Y,N,1,,RT_Labor,,,,,
258,8378,8373,7842,,,,,35Qp3gzMbEeVCFK9qEbfqA,4,,,,,TK 700,R-55,,0.1,QT_Hour,,Y,Y,Y,N,1,,RT_Labor,,,,,
259,8379,8373,7842,,,,,TF0dukCDWE+VpVx7FcwzeA,5,,,,,TK 705,R-56,,0.1,QT_Hour,,Y,Y,Y,N,1,,RT_Labor,,,,,
260,8380,8373,7842,,,,,/h41JisBhk++JQS4BiVciw,6,,,,,TK 735,R-57,,0.1,QT_Hour,,Y,Y,Y,N,1,,RT_Labor,,,,,
261,8381,8373,7842,,,,,wr+tbykSUEeT+9/mo9Fxtw,7,,,,,TK 725,R-58,,0.1,QT_Hour,,Y,Y,Y,N,1,,RT_Labor,,,,,
262,8382,8373,7842,,,,,faqAdIGsyUupL+siyIERSQ,8,,,,,TK 2311,R-65,,0.1,QT_Hour,,Y,Y,Y,N,1,,RT_Labor,,,,,
263,8383,8373,7842,,,,,gGk/VTDgQkKVcMgsBBuCbA,9,,,,,TK 2310,R-68,,0.1,QT_Hour,,Y,Y,Y,N,1,,RT_Labor,,,,,
264,8384,8373,7842,,,,,1iAqWFtEnEG4hR8t6dU3AA,10,,,,,TK 2400,R-71,,0.1,QT_Hour,,Y,Y,Y,N,1,,RT_Labor,,,,,
265,8385,8373,7842,,,,,jb7dBOr9+EeNY7RybAbaTQ,11,,,,,TK 2401,R-72,,0.1,QT_Hour,,Y,Y,Y,N,1,,RT_Labor,,,,,
266,8386,8373,7842,,,,,h5bquNZdbE2Py5K+VsVBVg,12,,,,,TK 3208,R-73,,0.1,QT_Hour,,Y,Y,Y,N,1,,RT_Labor,,,,,
267,8387,8373,7842,,,,,EJUn1yUHZUqJ9Z5qGHv3yg,13,,,,,TK3201,R-74,,0.1,QT_Hour,,Y,Y,Y,N,1,,RT_Labor,,,,,
268,8388,8373,7842,,,,,2xAbsyNnVEa4+ITjnZ+iBA,14,,,,,TK 3202,R-75,,0.1,QT_Hour,,Y,Y,Y,N,1,,RT_Labor,,,,,
269,8389,8373,7842,,,,,/fLighFP3EGTurrxzlf20Q,15,,,,,TK 505,R-76,,0.1,QT_Hour,,Y,Y,Y,N,1,,RT_Labor,,,,,
270,8390,8373,7842,,,,,+GgFPADQ202ctCxsCCRXlg,16,,,,,TK 506,R-77,,0.1,QT_Hour,,Y,Y,Y,N,1,,RT_Labor,,,,,
271,8391,8373,7842,,,,,doJrpd+wlUCvusyAgvoXjg,17,,,,,TK 520,R-78,,0.1,QT_Hour,,Y,Y,Y,N,1,,RT_Labor,,,,,
272,8392,8373,7842,,,,,iT4LFT15z0+LNGMlKSnNUQ,18,,,,,TK 521,R-79,,0.1,QT_Hour,,Y,Y,Y,N,1,,RT_Labor,,,,,
273,8393,8373,7842,,,,,B8HhFe6WfUWOkXj+fKzD3Q,19,,,,,TK 535,R-80,,0.1,QT_Hour,,Y,Y,Y,N,1,,RT_Labor,,,,,
274,8394,8373,7842,,,,,gTfgMnucf0GEQpbjGcZa3Q,20,,,,,TK 515,R-81,,0.1,QT_Hour,,Y,Y,Y,N,1,,RT_Labor,,,,,
275,8395,8373,7842,,,,,meMlmepDVkSQacL9eepeUw,21,,,,,TK 511,R-82,,0.1,QT_Hour,,Y,Y,Y,N,1,,RT_Labor,,,,,
276,8396,8373,7842,,,,,rfbN6GAvaE+LREXDej4c4Q,22,,,,,TK 510,R-83,,0.1,QT_Hour,,Y,Y,Y,N,1,,RT_Labor,,,,,
277,8397,8373,7842,,,,,CvQScj5fE0KrPtIYE10u5w,23,,,,,TK 600,R-84,,0.1,QT_Hour,,Y,Y,Y,N,1,,RT_Labor,,,,,
278,8398,8373,7842,,,,,ScbI5ypDdUyIgcNWV17u9Q,24,,,,,TK 601,R-85,,0.1,QT_Hour,,Y,Y,Y,N,1,,RT_Labor,,,,,
279,8399,8373,7842,,,,,3xKWk9X+GUS63EHqD2OyUA,25,,,,,TK 602,R-86,,0.1,QT_Hour,,Y,Y,Y,N,1,,RT_Labor,,,,,
280,8400,8373,7842,,,,,aE3MRxu010av3sEIc58a+Q,26,,,,,TK 605,R-87,,0.1,QT_Hour,,Y,Y,Y,N,1,,RT_Labor,,,,,
281,8401,8373,7842,,,,,0mheE1gPH067tyNH/VvwHA,27,,,,,TK 606,R-88,,0.1,QT_Hour,,Y,Y,Y,N,1,,RT_Labor,,,,,
282,8402,8373,7842,,,,,ph08hEDbO0a39ffbf8GvBg,28,,,,,TK 516,R-89,,0.1,QT_Hour,,Y,Y,Y,N,1,,RT_Labor,,,,,
283,8403,8373,7842,,,,,Rn48p4GSi0+oLIiu8qMjcQ,29,,,,,TK 525,R-90,,0.1,QT_Hour,,Y,Y,Y,N,1,,RT_Labor,,,,,
284,8404,8373,7842,,,,,RFuVG5MxIE69qPXefGvWUQ,30,,,,,TK 526,R-91,,0.1,QT_Hour,,Y,Y,Y,N,1,,RT_Labor,,,,,
285,8405,8373,7842,,,,,yCcQbktVFEWfI5ovYMhXrA,31,,,,,TK 3491,R-92,,0.1,QT_Hour,,Y,Y,Y,N,1,,RT_Labor,,,,,
286,8406,8373,7842,,,,,lkqUEn5mcUORVdmn6832sg,32,,,,,TK 3490,R-93,,0.1,QT_Hour,,Y,Y,Y,N,1,,RT_Labor,,,,,
287,8407,,7842,,,,,GMUJEwLb1kudeUUv1dh52w,3,,,,,(New Resource),R-54,,1,QT_Hour,,Y,Y,Y,N,1,,RT_Labor,,,,,
288,8409,8373,7842,,,,,cRi+55fRiEGhCvZjcdJKqw,2,,,,,TK 721,R-95,,1,QT_Hour,,Y,Y,Y,N,1,,RT_Labor,,,,,
289,8478,7880,7842,,,,,4eZmHayoW0SlE2a5D2Ae/Q,0,,,,,Fabrication Manhours,R-10,,0,QT_Hour,0,Y,Y,Y,N,1,,RT_Labor,,,,,
290,8479,8478,7842,,,,,ZVDp+YfgbkGpPXFcAxMJ5w,0,,,,,TK 715,R-11,,0.1,QT_Hour,,Y,Y,Y,N,1,,RT_Labor,,,,,
291,8480,8478,7842,,,,,LAayWJseRUSIUxJBVTkoxQ,1,,,,,TK 710,R-12,,0.1,QT_Hour,,Y,Y,Y,N,1,,RT_Labor,,,,,
292,8481,8478,7842,,,,,Syo3qs6e80ujsxIuYvEm2w,2,,,,,TK 721,R-13,,0.1,QT_Hour,,Y,Y,Y,N,1,,RT_Labor,,,,,
293,8482,8478,7842,,,,,USjjSfT2D0aRidiBILwZ/w,4,,,,,TK 720,R-14,,0.1,QT_Hour,,Y,Y,Y,N,1,,RT_Labor,,,,,
294,8483,8478,7842,,,,,9xe2+/QFCke8rFWFK4oX+A,4,,,,,TK 700,R-15,,0.1,QT_Hour,,Y,Y,Y,N,1,,RT_Labor,,,,,
295,8484,8478,7842,,,,,s8iujH2KZkuCibFASHAOaQ,5,,,,,TK 705,R-16,,0.1,QT_Hour,,Y,Y,Y,N,1,,RT_Labor,,,,,
296,8485,8478,7842,,,,,dsdwh21BtUyVJYalELQYvQ,6,,,,,TK 735,R-17,,0.1,QT_Hour,,Y,Y,Y,N,1,,RT_Labor,,,,,
297,8486,8478,7842,,,,,ynotjfE3BEWD+ewmHggXiw,7,,,,,TK 725,R-18,,0.1,QT_Hour,,Y,Y,Y,N,1,,RT_Labor,,,,,
298,8487,8478,7842,,,,,DPmKoJjTJ0CJKtN+wZSz1g,8,,,,,TK 2311,R-19,,0.1,QT_Hour,,Y,Y,Y,N,1,,RT_Labor,,,,,
299,8488,8478,7842,,,,,ko2yJWXY/UGnl+aml7DG2Q,9,,,,,TK 2310,R-20,,0.1,QT_Hour,,Y,Y,Y,N,1,,RT_Labor,,,,,
300,8489,8478,7842,,,,,zwGOW1iiREeOjNz/QZruyw,10,,,,,TK 2400,R-21,,0.1,QT_Hour,,Y,Y,Y,N,1,,RT_Labor,,,,,
301,8490,8478,7842,,,,,AKPVjLkXXkeKVl9ZQxLnLA,11,,,,,TK 2401,R-22,,0.1,QT_Hour,,Y,Y,Y,N,1,,RT_Labor,,,,,
302,8491,8478,7842,,,,,7pkB6sJ/fkyYucBmAThqGA,12,,,,,TK 3208,R-23,,0.1,QT_Hour,,Y,Y,Y,N,1,,RT_Labor,,,,,
303,8492,8478,7842,,,,,/HG1YfU7V0OGx6dhItXWOA,13,,,,,TK3201,R-24,,0.1,QT_Hour,,Y,Y,Y,N,1,,RT_Labor,,,,,
304,8493,8478,7842,,,,,+/Q+rIQYfEaad94n5wVTgw,14,,,,,TK 3202,R-25,,0.1,QT_Hour,,Y,Y,Y,N,1,,RT_Labor,,,,,
305,8494,8478,7842,,,,,Z4yP409tkEWptWE1+eI0jA,15,,,,,TK 505,R-26,,0.1,QT_Hour,,Y,Y,Y,N,1,,RT_Labor,,,,,
306,8495,8478,7842,,,,,WsO5cUSEUU2oXsqje8/NRw,16,,,,,TK 506,R-27,,0.1,QT_Hour,,Y,Y,Y,N,1,,RT_Labor,,,,,
307,8496,8478,7842,,,,,nIFWfKEZfEqO1WJNdtpuIQ,17,,,,,TK 520,R-28,,0.1,QT_Hour,,Y,Y,Y,N,1,,RT_Labor,,,,,
308,8497,8478,7842,,,,,m/POs9gP6EKVQ+laeBRJXg,18,,,,,TK 521,R-29,,0.1,QT_Hour,,Y,Y,Y,N,1,,RT_Labor,,,,,
309,8498,8478,7842,,,,,xon2T7TVg0qqq0OyZQ2nLQ,19,,,,,TK 535,R-30,,0.1,QT_Hour,,Y,Y,Y,N,1,,RT_Labor,,,,,
310,8499,8478,7842,,,,,VMHCrjGPmkCODSZ8GdcE8Q,20,,,,,TK 515,R-31,,0.1,QT_Hour,,Y,Y,Y,N,1,,RT_Labor,,,,,
311,8500,8478,7842,,,,,HRgZHoTaNU+3Pz+r/7nldw,21,,,,,TK 511,R-32,,0.1,QT_Hour,,Y,Y,Y,N,1,,RT_Labor,,,,,
312,8501,8478,7842,,,,,JuzvP2GGw0+jNlWp/K25qw,22,,,,,TK 510,R-33,,0.1,QT_Hour,,Y,Y,Y,N,1,,RT_Labor,,,,,
313,8502,8478,7842,,,,,WfrKbxt6DUeW7sRd06oqgA,23,,,,,TK 600,R-34,,0.1,QT_Hour,,Y,Y,Y,N,1,,RT_Labor,,,,,
314,8503,8478,7842,,,,,4D90SPK92UiuplXlf4yYVA,24,,,,,TK 601,R-35,,0.1,QT_Hour,,Y,Y,Y,N,1,,RT_Labor,,,,,
315,8504,8478,7842,,,,,iGJvmUWSlEKLwBMH0BAklA,25,,,,,TK 602,R-36,,0.1,QT_Hour,,Y,Y,Y,N,1,,RT_Labor,,,,,
316,8505,8478,7842,,,,,t/Kln3CDFUa+9/Z8AjKSiw,26,,,,,TK 605,R-37,,0.1,QT_Hour,,Y,Y,Y,N,1,,RT_Labor,,,,,
317,8506,8478,7842,,,,,uPSpPc5BIEu7JPrwVyfkJw,27,,,,,TK 606,R-38,,0.1,QT_Hour,,Y,Y,Y,N,1,,RT_Labor,,,,,
318,8507,8478,7842,,,,,has+VG42vUytu5zyNMFrdQ,28,,,,,TK 516,R-39,,0.1,QT_Hour,,Y,Y,Y,N,1,,RT_Labor,,,,,
319,8508,8478,7842,,,,,KTmhXc5CJUmeu7fyS2Z44w,29,,,,,TK 525,R-41,,0.1,QT_Hour,,Y,Y,Y,N,1,,RT_Labor,,,,,
320,8509,8478,7842,,,,,5gFDUiUFqE6hQCNbDyp5fw,30,,,,,TK 526,R-48,,0.1,QT_Hour,,Y,Y,Y,N,1,,RT_Labor,,,,,
321,8510,8478,7842,,,,,VkQcIsKN40COCgaV3QYFTg,31,,,,,TK 3491,R-49,,0.1,QT_Hour,,Y,Y,Y,N,1,,RT_Labor,,,,,
322,8511,8478,7842,,,,,8tttIK0zBE6vCbWKiYbcFQ,32,,,,,TK 3490,R-50,,0.1,QT_Hour,,Y,Y,Y,N,1,,RT_Labor,,,,,
323,6899,,6591,,,,,okiSDPTRR0S3V/ArRq9MuA,10,,,,,P4 Water Tanks,P4,,0.125,QT_Hour,0,Y,Y,Y,N,1,,RT_Mat,,,,,
