,task_id,proj_id,wbs_id,clndr_id,est_wt,phys_complete_pct,rev_fdbk_flag,lock_plan_flag,auto_compute_act_flag,complete_pct_type,task_type,duration_type,review_type,status_code,task_code,task_name,rsrc_id,total_float_hr_cnt,free_float_hr_cnt,remain_drtn_hr_cnt,act_work_qty,remain_work_qty,target_work_qty,target_drtn_hr_cnt,target_equip_qty,act_equip_qty,remain_equip_qty,cstr_date,act_start_date,act_end_date,late_start_date,late_end_date,expect_end_date,early_start_date,early_end_date,restart_date,reend_date,target_start_date,target_end_date,review_end_date,rem_late_start_date,rem_late_end_date,cstr_type,priority_type,suspend_date,resume_date,float_path,float_path_order,guid,tmpl_guid,cstr_date2,cstr_type2,driving_path_flag,act_this_per_work_qty,act_this_per_equip_qty,external_early_start_date,external_late_end_date,create_date,update_date,create_user,update_user
0,82425,923,10590,842,0,0,N,N,N,CP_Drtn,TT_Mile,DT_FixedDrtn,RV_OK,TK_NotStart,PO 100,Polyurethane purchase order,,0,0,0,0,0,0,0,0,0,0,,,,2011-11-15 08:00,2011-11-15 08:00,,2011-11-15 08:00,2011-11-15 08:00,2011-11-15 08:00,2011-11-15 08:00,2011-11-15 08:00,2011-11-15 08:00,,2011-11-15 08:00,2011-11-15 08:00,,PT_Normal,,,,,RRAAMHQ4RYmetG8IWef2ZQ,,,,Y,0,0,,,2011-10-18 11:37,2011-10-24 18:15,admin,admin
1,82426,923,10590,842,0,0,N,N,N,CP_Drtn,TT_Mile,DT_FixedDrtn,RV_OK,TK_NotStart,PO 130,Walk on ceiling purchase order,,0,0,0,0,0,0,0,0,0,0,,,,2011-10-27 08:00,2011-10-27 08:00,,2011-10-27 08:00,2011-10-27 08:00,2011-10-27 08:00,2011-10-27 08:00,2011-10-27 08:00,2011-10-27 08:00,,2011-10-27 08:00,2011-10-27 08:00,,PT_Normal,,,,,Xlq5S0nCQiuupsLxBBLwZw,,,,Y,0,0,,,2011-10-18 11:37,2011-10-24 15:49,admin,admin
2,82427,923,10590,842,0,0,N,N,N,CP_Drtn,TT_Mile,DT_FixedDrtn,RV_OK,TK_NotStart,PO 120,Steel structure purchase order,,0,0,0,0,0,0,0,0,0,0,,,,2011-10-18 08:00,2011-10-18 08:00,,2011-10-18 08:00,2011-10-18 08:00,2011-10-18 08:00,2011-10-18 08:00,2011-10-18 08:00,2011-10-18 08:00,,2011-10-18 08:00,2011-10-18 08:00,,PT_Normal,,,,,MLdiCQYfQg6LcTbgN7SMbw,,,,Y,0,0,,,2011-10-18 11:37,2011-10-24 15:49,admin,admin
3,82428,923,10590,842,0,0,N,N,N,CP_Drtn,TT_Mile,DT_FixedDrtn,RV_OK,TK_NotStart,PO 140,Doors&windows&metal works purchase order,,8,0,0,0,0,0,0,0,0,0,,,,2011-12-06 08:00,2011-12-06 08:00,,2011-12-05 08:00,2011-12-05 08:00,2011-12-05 08:00,2011-12-05 08:00,2011-12-05 08:00,2011-12-05 08:00,,2011-12-06 08:00,2011-12-06 08:00,,PT_Normal,,,,,+NlCFveHQfO9cPW1Iic19w,,,,N,0,0,,,2011-10-18 11:37,2011-10-24 18:20,admin,admin
4,82429,923,10590,842,0,0,N,N,N,CP_Drtn,TT_Mile,DT_FixedDrtn,RV_OK,TK_NotStart,PO 110,Sandwich panel purchase order,,264,0,0,0,0,0,0,0,0,0,,,,2011-12-08 08:00,2011-12-08 08:00,,2011-10-23 08:00,2011-10-23 08:00,2011-10-23 08:00,2011-10-23 08:00,2011-10-23 08:00,2011-10-23 08:00,,2011-12-08 08:00,2011-12-08 08:00,,PT_Normal,,,,,ZX8ZV7kKRFaSApUEuhb9sA,,,,N,0,0,,,2011-10-18 11:37,2011-10-24 18:15,admin,admin
5,82430,923,10591,842,0,0,N,N,N,CP_Drtn,TT_Mile,DT_FixedDrtn,RV_OK,TK_NotStart,DD140,Polyurethane delivery on site,,0,0,0,0,0,0,0,0,0,0,,,,2012-02-29 08:00,2012-02-29 08:00,,2012-02-29 08:00,2012-02-29 08:00,2012-02-29 08:00,2012-02-29 08:00,2012-02-29 08:00,2012-02-29 08:00,,2012-02-29 08:00,2012-02-29 08:00,,PT_Normal,,,,,rf8iU4/2RkeAQyyt+WO7wQ,,,,Y,0,0,,,2011-10-18 11:37,2011-10-24 18:15,admin,admin
6,82431,923,10591,842,0,0,N,N,N,CP_Drtn,TT_Mile,DT_FixedDrtn,RV_OK,TK_NotStart,DD120,Delivery of walk-on-ceiling laminated with electrostatic galvanized steel,,0,0,0,0,0,0,0,0,0,0,,,,2012-01-31 16:00,2012-01-31 16:00,,2012-02-01 08:00,2012-02-01 08:00,2012-02-01 08:00,2012-02-01 08:00,2012-02-01 08:00,2012-02-01 08:00,,2012-01-31 16:00,2012-01-31 16:00,,PT_Normal,,,,,z6ScphK5Q1meHtlW3mEKCw,,,,Y,0,0,,,2011-10-18 11:37,2011-10-24 15:49,admin,admin
7,82432,923,10591,842,0,0,N,N,N,CP_Drtn,TT_Mile,DT_FixedDrtn,RV_OK,TK_NotStart,DD110,Steel structure delivery on site,,0,0,0,0,0,0,0,0,0,0,,,,2011-12-15 08:00,2011-12-15 08:00,,2011-12-15 08:00,2011-12-15 08:00,2011-12-15 08:00,2011-12-15 08:00,2011-12-15 08:00,2011-12-15 08:00,,2011-12-15 08:00,2011-12-15 08:00,,PT_Normal,,,,,g+W3frjITWavWfdxakN/fg,,,,Y,0,0,,,2011-10-18 11:37,2011-10-24 15:49,admin,admin
8,82433,923,10591,842,0,0,N,N,N,CP_Drtn,TT_Mile,DT_FixedDrtn,RV_OK,TK_NotStart,DD130,Doors&windows&metal works delivery on site,,24,0,0,0,0,0,0,0,0,0,,,,2012-02-16 08:00,2012-02-16 08:00,,2012-02-13 08:00,2012-02-13 08:00,2012-02-13 08:00,2012-02-13 08:00,2012-02-13 08:00,2012-02-13 08:00,,2012-02-16 08:00,2012-02-16 08:00,,PT_Normal,,,,,yG244tJxSSyUfgdrznr8kA,,,,N,0,0,,,2011-10-18 11:37,2011-10-24 18:15,admin,admin
9,82434,923,10591,842,0,0,N,N,N,CP_Drtn,TT_Mile,DT_FixedDrtn,RV_OK,TK_NotStart,DD100,Sandwich panel delivery on site,,264,72,0,0,0,0,0,0,0,0,,,,2012-01-30 08:00,2012-01-30 08:00,,2011-12-22 08:00,2011-12-22 08:00,2011-12-22 08:00,2011-12-22 08:00,2011-12-22 08:00,2011-12-22 08:00,,2012-01-30 08:00,2012-01-30 08:00,,PT_Normal,,,,,Rp3QTch2TLiBR3/m3yzdxQ,,,,N,0,0,,,2011-10-18 11:37,2011-10-24 18:15,admin,admin
10,82435,923,10594,842,1,0,N,N,N,CP_Drtn,TT_Task,DT_FixedDUR2,RV_OK,TK_NotStart,JP-C100,Demolishing Slab on Grade,,16,0,56,0,0,0,56,0,0,0,,,,2011-10-01 08:00,2011-10-08 16:00,,2011-09-28 08:00,2011-10-05 16:00,2011-09-28 08:00,2011-10-05 16:00,2011-09-28 08:00,2011-10-05 16:00,,2011-10-01 08:00,2011-10-08 16:00,,PT_Normal,,,,,jDpzKZh1S9O1LumUSdbV7Q,mgq7N9akDUaPYyuTBZxZwg,,,N,0,0,,,2011-10-18 11:37,2011-10-24 18:15,admin,admin
11,82436,923,10594,842,1,0,N,N,N,CP_Drtn,TT_Task,DT_FixedDUR2,RV_OK,TK_NotStart,JP-C120,Excavation,,16,0,96,0,0,0,96,0,0,0,,,,2011-10-16 08:00,2011-10-29 16:00,,2011-10-13 08:00,2011-10-26 16:00,2011-10-13 08:00,2011-10-26 16:00,2011-10-13 08:00,2011-10-26 16:00,,2011-10-16 08:00,2011-10-29 16:00,,PT_Normal,,,,,zwZ+JFYdTvS0E8kAOx0Wxw,3nrHN/97jEGTpT0tIRRqpQ,,,N,0,0,,,2011-10-18 11:37,2011-10-24 18:15,admin,admin
12,82437,923,10594,842,1,0,N,N,N,CP_Drtn,TT_Task,DT_FixedDUR2,RV_OK,TK_NotStart,JP-C130,Demolishing Footing and Tie Beam,,16,0,56,0,0,0,56,0,0,0,,,,2011-10-30 08:00,2011-11-13 16:00,,2011-10-27 08:00,2011-11-03 16:00,2011-10-27 08:00,2011-11-03 16:00,2011-10-27 08:00,2011-11-03 16:00,,2011-10-30 08:00,2011-11-13 16:00,,PT_Normal,,,,,lLXEFbmpQuu2oyQUckhtBA,PmT0EnHFx0u3f5eNIdhz9w,,,N,0,0,,,2011-10-18 11:37,2011-10-24 18:15,admin,admin
13,82438,923,10594,842,1,0,N,N,N,CP_Drtn,TT_Task,DT_FixedDUR2,RV_OK,TK_NotStart,JP-C140,Replacement & back fill Under Footing,,16,0,80,0,0,0,80,0,0,0,,,,2011-11-14 08:00,2011-11-24 16:00,,2011-11-12 08:00,2011-11-22 16:00,2011-11-12 08:00,2011-11-22 16:00,2011-11-12 08:00,2011-11-22 16:00,,2011-11-14 08:00,2011-11-24 16:00,,PT_Normal,,,,,8wGpQdsHSI28D18tOT/lkw,,,,N,0,0,,,2011-10-18 11:37,2011-10-24 18:15,admin,admin
14,82439,923,10594,842,1,0,N,N,N,CP_Drtn,TT_Task,DT_FixedDUR2,RV_OK,TK_NotStart,JP-C150,Plain concrete 100 under footings,2104,16,0,24,0,66,66,24,0,0,0,,,,2011-11-26 08:00,2011-11-29 16:00,,2011-11-23 08:00,2011-11-26 16:00,2011-11-23 08:00,2011-11-26 16:00,2011-11-23 08:00,2011-11-26 16:00,,2011-11-26 08:00,2011-11-29 16:00,,PT_Normal,,,,,K89sOiHIR4m2xe/CVEJLPg,,,,N,0,0,,,2011-10-18 11:37,2011-10-24 18:15,admin,admin
15,82440,923,10594,842,1,0,N,N,N,CP_Drtn,TT_Task,DT_FixedDUR2,RV_OK,TK_NotStart,JP-C160,R.C. for footings & tie beams,2102,16,0,56,0,67,67,56,0,0,0,,,,2011-11-30 08:00,2011-12-07 16:00,,2011-11-28 08:00,2011-12-05 16:00,2011-11-28 08:00,2011-12-05 16:00,2011-11-28 08:00,2011-12-05 16:00,,2011-11-30 08:00,2011-12-07 16:00,,PT_Normal,,,,,QJJoRNGzSzS2v13FHRPGrg,,,,N,0,0,,,2011-10-18 11:37,2011-10-24 18:15,admin,admin
16,82441,923,10594,842,1,0,N,N,N,CP_Drtn,TT_Task,DT_FixedDUR2,RV_OK,TK_NotStart,JP-C200,Steel structure erection,,16,0,200,0,0,0,200,0,0,0,,,,2012-01-01 08:00,2012-01-29 16:00,,2011-12-29 08:00,2012-01-26 16:00,2011-12-29 08:00,2012-01-26 16:00,2011-12-29 08:00,2012-01-26 16:00,,2012-01-01 08:00,2012-01-29 16:00,,PT_Normal,,,,,VdN6fXSDQIKFpq02gc9fwA,,,,N,0,0,,,2011-10-18 11:37,2011-10-24 18:15,admin,admin
17,82442,923,10594,842,1,0,N,N,N,CP_Drtn,TT_Task,DT_FixedDUR2,RV_OK,TK_NotStart,JP-C190,Soil replacement under slab on grade,,16,0,56,0,0,0,56,0,0,0,,,,2011-12-18 08:00,2011-12-25 16:00,,2011-12-15 08:00,2011-12-22 16:00,2011-12-15 08:00,2011-12-22 16:00,2011-12-15 08:00,2011-12-22 16:00,,2011-12-18 08:00,2011-12-25 16:00,,PT_Normal,,,,,rOLZvRKwRGiTSJJL2U6mew,,,,N,0,0,,,2011-10-18 11:37,2011-10-24 18:15,admin,admin
18,82443,923,10594,842,1,0,N,N,N,CP_Drtn,TT_Task,DT_FixedDUR2,RV_OK,TK_NotStart,JP-C210,Slab On Grade,,16,0,40,0,0,0,40,0,0,0,,,,2011-12-26 08:00,2011-12-31 16:00,,2011-12-24 08:00,2011-12-28 16:00,2011-12-24 08:00,2011-12-28 16:00,2011-12-24 08:00,2011-12-28 16:00,,2011-12-26 08:00,2011-12-31 16:00,,PT_Normal,,,,,WjeRzkHoQLqPRrJvgJC4pQ,,,,N,0,0,,,2011-10-18 11:37,2011-10-24 18:15,admin,admin
19,82444,923,10594,842,1,0,N,N,N,CP_Drtn,TT_Task,DT_FixedDUR2,RV_OK,TK_NotStart,JP-C220,Concrete Screed,,112,0,80,0,0,0,80,0,0,0,,,,2012-02-13 08:00,2012-02-23 16:00,,2012-01-28 08:00,2012-02-07 16:00,2012-01-28 08:00,2012-02-07 16:00,2012-01-28 08:00,2012-02-07 16:00,,2012-02-13 08:00,2012-02-23 16:00,,PT_Normal,,,,,cEHG+e+XT5muOIndD/Xx4g,,,,N,0,0,,,2011-10-18 11:37,2011-10-24 18:15,admin,admin
20,82445,923,10594,842,1,0,N,N,N,CP_Drtn,TT_Task,DT_FixedDUR2,RV_OK,TK_NotStart,JP-C170,R.c for pedestals,,16,0,64,0,0,0,64,0,0,0,,,,2011-12-08 08:00,2011-12-17 16:00,,2011-12-06 08:00,2011-12-14 16:00,2011-12-06 08:00,2011-12-14 16:00,2011-12-06 08:00,2011-12-14 16:00,,2011-12-08 08:00,2011-12-17 16:00,,PT_Normal,,,,,LYDhTfraQ6qFW/Wy04Gfsw,,,,N,0,0,,,2011-10-18 11:37,2011-10-24 18:15,admin,admin
21,82446,923,10594,842,1,0,N,N,N,CP_Drtn,TT_Task,DT_FixedDUR2,RV_OK,TK_NotStart,JP-A160,RC for deck floors,,88,0,56,0,0,0,56,0,0,0,,,,2012-02-21 08:00,2012-02-28 16:00,,2012-02-08 08:00,2012-02-15 16:00,2012-02-08 08:00,2012-02-15 16:00,2012-02-08 08:00,2012-02-15 16:00,,2012-02-21 08:00,2012-02-28 16:00,,PT_Normal,,,,,7B/Fm987R7KLYE/zKc+deQ,,,,N,0,0,,,2011-10-18 11:37,2011-10-24 18:15,admin,admin
22,82447,923,10594,842,1,0,N,N,N,CP_Drtn,TT_Task,DT_FixedDUR2,RV_OK,TK_NotStart,JP-A170,Roof R.c slab,,104,0,40,0,0,0,40,0,0,0,,,,2012-02-23 08:00,2012-02-28 16:00,,2012-02-08 08:00,2012-02-13 16:00,2012-02-08 08:00,2012-02-13 16:00,2012-02-08 08:00,2012-02-13 16:00,,2012-02-23 08:00,2012-02-28 16:00,,PT_Normal,,,,,z5Okjc50QSGtPhpZKO6zLA,,,,N,0,0,,,2011-10-18 11:37,2011-10-24 18:15,admin,admin
23,82448,923,10594,842,1,0,N,N,N,CP_Drtn,TT_Task,DT_FixedDUR2,RV_OK,TK_NotStart,JP-C180,Anchors for steel structure,,48,32,48,0,0,0,48,0,0,0,,,,2011-12-25 08:00,2011-12-31 16:00,,2011-12-18 08:00,2011-12-24 16:00,2011-12-18 08:00,2011-12-24 16:00,2011-12-18 08:00,2011-12-24 16:00,,2011-12-25 08:00,2011-12-31 16:00,,PT_Normal,,,,,JQyEpIn4QWS8B3ud9oZ/CQ,,,,N,0,0,,,2011-10-18 11:37,2011-10-24 18:15,admin,admin
24,82449,923,10594,842,1,0,N,N,N,CP_Drtn,TT_Task,DT_FixedDUR2,RV_OK,TK_NotStart,JP-C110,Utilities diversion(plumbing),,16,0,64,0,0,0,64,0,0,0,,,,2011-10-09 08:00,2011-10-17 16:00,,2011-10-06 08:00,2011-10-15 16:00,2011-10-06 08:00,2011-10-15 16:00,2011-10-06 08:00,2011-10-15 16:00,,2011-10-09 08:00,2011-10-17 16:00,,PT_Normal,,,,,/MXWA+PZSFqAeikWoN4mbQ,,,,N,0,0,,,2011-10-18 11:37,2011-10-24 18:15,admin,admin
25,82450,923,10594,842,1,0,N,N,N,CP_Drtn,TT_Task,DT_FixedDUR2,RV_OK,TK_NotStart,JP-C230,Footings insulation/water proofing,,48,0,16,0,0,0,16,0,0,0,,,,2011-12-22 08:00,2011-12-24 16:00,,2011-12-15 08:00,2011-12-17 16:00,2011-12-15 08:00,2011-12-17 16:00,2011-12-15 08:00,2011-12-17 16:00,,2011-12-22 08:00,2011-12-24 16:00,,PT_Normal,,,,,x1nKc2ucT8icmeumx3nYrg,,,,N,0,0,,,2011-10-18 11:37,2011-10-24 18:15,admin,admin
26,82451,923,10595,842,1,0,N,N,N,CP_Drtn,TT_Task,DT_FixedDUR2,RV_OK,TK_NotStart,JP-A280,Dismantle the old existed doors,,88,72,40,0,0,0,40,0,0,0,,,,2012-03-12 08:00,2012-03-17 16:00,,2012-02-28 08:00,2012-03-04 16:00,2012-02-28 08:00,2012-03-04 16:00,2012-02-28 08:00,2012-03-04 16:00,,2012-03-12 08:00,2012-03-17 16:00,,PT_Normal,,,,,70Kym92cS1u8qIrJsI98uw,zoPTVNvBY0upM28k5bosHw,,,N,0,0,,,2011-10-18 11:37,2011-10-24 18:15,admin,admin
27,82452,923,10595,842,1,0,N,N,N,CP_Drtn,TT_Task,DT_FixedDUR2,RV_OK,TK_NotStart,JP-A110,Dismantle Steel Handrail,,16,0,16,0,0,0,16,0,0,0,,,,2011-09-28 08:00,2011-09-29 16:00,,2011-09-26 08:00,2011-09-27 16:00,2011-09-26 08:00,2011-09-27 16:00,2011-09-26 08:00,2011-09-27 16:00,,2011-09-28 08:00,2011-09-29 16:00,,PT_Normal,,,,,qqhtuapdQ8e/I8KQGtNFOQ,EKcz1FZ71Ey6WuKjGHAVCQ,,,N,0,0,,,2011-10-18 11:37,2011-10-24 18:15,admin,admin
28,82453,923,10595,842,1,0,N,N,N,CP_Drtn,TT_Task,DT_FixedDUR2,RV_OK,TK_NotStart,JP-A120,Sandwich Panel for roofs & walls,,16,0,120,0,0,0,120,0,0,0,,,,2012-01-30 08:00,2012-02-15 16:00,,2012-01-28 08:00,2012-02-13 16:00,2012-01-28 08:00,2012-02-13 16:00,2012-01-28 08:00,2012-02-13 16:00,,2012-01-30 08:00,2012-02-15 16:00,,PT_Normal,,,,,3q85PRTvSF62gGwDl+SGhA,,,,N,0,0,,,2011-10-18 11:37,2011-10-24 18:15,admin,admin
29,82454,923,10595,842,1,0,N,N,N,CP_Drtn,TT_Task,DT_FixedDUR2,RV_OK,TK_NotStart,JP-A290,Polyurethane Flooring,,48,32,56,0,0,0,56,0,0,0,,,,2012-03-07 08:00,2012-03-14 16:00,,2012-02-29 08:00,2012-03-07 16:00,2012-02-29 08:00,2012-03-07 16:00,2012-02-29 08:00,2012-03-07 16:00,,2012-03-07 08:00,2012-03-14 16:00,,PT_Normal,,,,,KKtoed1OTG+TDraWBsLFOQ,,,,N,0,0,,,2011-10-18 11:37,2011-10-24 18:15,admin,admin
30,82455,923,10595,842,1,0,N,N,N,CP_Drtn,TT_Rsrc,DT_FixedDUR2,RV_OK,TK_NotStart,JP-A250,Doors erection,,80,0,80,0,0,0,80,0,0,0,,,,2012-02-25 08:00,2012-03-06 16:00,,2012-02-13 08:00,2012-02-23 16:00,2012-02-13 08:00,2012-02-23 16:00,2012-02-13 08:00,2012-02-23 16:00,,2012-02-25 08:00,2012-03-06 16:00,,PT_Normal,,,,,lNDsS8LdSh+FFX08rV+eHg,,,,N,0,0,,,2011-10-18 11:38,2011-10-24 18:15,admin,admin
31,82456,923,10595,842,1,0,N,N,N,CP_Drtn,TT_Task,DT_FixedDUR2,RV_OK,TK_NotStart,JP-A210,Sheet Waterproofing,,104,0,40,0,0,0,40,0,0,0,,,,2012-03-06 08:00,2012-03-11 16:00,,2012-02-20 08:00,2012-02-25 16:00,2012-02-20 08:00,2012-02-25 16:00,2012-02-20 08:00,2012-02-25 16:00,,2012-03-06 08:00,2012-03-11 16:00,,PT_Normal,,,,,ch1RipJmSomtIlvl56LHOA,,,,N,0,0,,,2011-10-18 11:38,2011-10-24 18:15,admin,admin
32,82457,923,10595,842,1,0,N,N,N,CP_Drtn,TT_Task,DT_FixedDUR2,RV_OK,TK_NotStart,JP-A220,Thermal Insulation,,104,0,40,0,0,0,40,0,0,0,,,,2012-03-12 08:00,2012-03-17 16:00,,2012-02-26 08:00,2012-03-01 16:00,2012-02-26 08:00,2012-03-01 16:00,2012-02-26 08:00,2012-03-01 16:00,,2012-03-12 08:00,2012-03-17 16:00,,PT_Normal,,,,,3FI7DSEPSU++OIABZqO83w,,,,N,0,0,,,2011-10-18 11:38,2011-10-24 18:15,admin,admin
33,82458,923,10595,842,1,0,N,N,N,CP_Drtn,TT_Task,DT_FixedDUR2,RV_OK,TK_NotStart,JP-A230,Roof Finish& rigid insulation 20mm thick,,104,88,40,0,0,0,40,0,0,0,,,,2012-03-12 08:00,2012-03-17 16:00,,2012-02-26 08:00,2012-03-01 16:00,2012-02-26 08:00,2012-03-01 16:00,2012-02-26 08:00,2012-03-01 16:00,,2012-03-12 08:00,2012-03-17 16:00,,PT_Normal,,,,,zolZy1SBRMmwZeSfAOmVaQ,,,,N,0,0,,,2011-10-18 11:38,2011-10-24 18:15,admin,admin
34,82459,923,10595,842,1,0,N,N,N,CP_Drtn,TT_Task,DT_FixedDUR2,RV_OK,TK_NotStart,JP-A180,External Cement Plaster,,16,0,72,0,0,0,72,0,0,0,,,,2012-02-16 08:00,2012-02-26 16:00,,2012-02-14 08:00,2012-02-23 16:00,2012-02-14 08:00,2012-02-23 16:00,2012-02-14 08:00,2012-02-23 16:00,,2012-02-16 08:00,2012-02-26 16:00,,PT_Normal,,,,,L+A5Ut4uRlGCw1HCPu2Inw,,,,N,0,0,,,2011-10-18 11:38,2011-10-24 18:15,admin,admin
35,82460,923,10595,842,1,0,N,N,N,CP_Drtn,TT_Task,DT_FixedDUR2,RV_OK,TK_NotStart,JP-A240,Epoxy Paint,2165,16,0,80,0,4,4,80,0,0,0,,,,2012-02-27 08:00,2012-03-08 16:00,,2012-02-25 08:00,2012-03-06 16:00,2012-02-25 08:00,2012-03-06 16:00,2012-02-25 08:00,2012-03-06 16:00,,2012-02-27 08:00,2012-03-08 16:00,,PT_Normal,,,,,aaeUgxvdT9ezYfLe775fMQ,,,,N,0,0,,,2011-10-18 11:38,2011-10-24 18:15,admin,admin
36,82461,923,10595,842,1,0,N,N,N,CP_Drtn,TT_Task,DT_FixedDUR2,RV_OK,TK_NotStart,JP-A190,Sandwich Panel for walls,,88,0,80,0,0,0,80,0,0,0,,,,2012-02-29 08:00,2012-03-11 16:00,,2012-02-16 08:00,2012-02-27 16:00,2012-02-16 08:00,2012-02-27 16:00,2012-02-16 08:00,2012-02-27 16:00,,2012-02-29 08:00,2012-03-11 16:00,,PT_Normal,,,,,2WIbJny3TOOKbROoxvZITA,lwsFW5iuok+tQAtYTQu6qA,,,N,0,0,,,2011-10-18 11:38,2011-10-24 18:15,admin,admin
37,82462,923,10595,842,1,0,N,N,N,CP_Drtn,TT_Task,DT_FixedDUR2,RV_OK,TK_NotStart,JP-A310,Acrylic paint,2163,48,32,40,0,2,2,40,0,0,0,,,,2012-03-04 08:00,2012-03-08 16:00,,2012-02-26 08:00,2012-03-01 16:00,2012-02-26 08:00,2012-03-01 16:00,2012-02-26 08:00,2012-03-01 16:00,,2012-03-04 08:00,2012-03-08 16:00,,PT_Normal,,,,,S147+98sSJW2D7E/jx0keg,,,,N,0,0,,,2011-10-18 11:38,2011-10-24 18:15,admin,admin
38,82463,923,10595,842,1,0,N,N,N,CP_Drtn,TT_Task,DT_FixedDUR2,RV_OK,TK_NotStart,JP-A130,Install corrugated sheets on roof level,,88,0,80,0,0,0,80,0,0,0,,,,2012-02-09 08:00,2012-02-20 16:00,,2012-01-28 08:00,2012-02-07 16:00,2012-01-28 08:00,2012-02-07 16:00,2012-01-28 08:00,2012-02-07 16:00,,2012-02-09 08:00,2012-02-20 16:00,,PT_Normal,,,,,gEPLSB2WSrSs/xEuJZWjBA,,,,N,0,0,,,2011-10-18 11:38,2011-10-24 18:15,admin,admin
39,82464,923,10595,842,1,0,N,N,N,CP_Drtn,TT_Task,DT_FixedDUR2,RV_OK,TK_NotStart,JP-A140,Install corrugated sheets on mezzanine level,,104,0,80,0,0,0,80,0,0,0,,,,2012-02-12 08:00,2012-02-22 16:00,,2012-01-28 08:00,2012-02-07 16:00,2012-01-28 08:00,2012-02-07 16:00,2012-01-28 08:00,2012-02-07 16:00,,2012-02-12 08:00,2012-02-22 16:00,,PT_Normal,,,,,vmBxXbS7RliSf5+/nC0H2Q,SN7ca/7Df0KI5w3hVwMolQ,,,N,0,0,,,2011-10-18 11:38,2011-10-24 18:15,admin,admin
40,82465,923,10595,842,1,0,N,N,N,CP_Drtn,TT_Task,DT_FixedDUR2,RV_OK,TK_NotStart,JP-A200,Slopped plain concrete,,104,0,40,0,0,0,40,0,0,0,,,,2012-02-29 08:00,2012-03-05 16:00,,2012-02-14 08:00,2012-02-19 16:00,2012-02-14 08:00,2012-02-19 16:00,2012-02-14 08:00,2012-02-19 16:00,,2012-02-29 08:00,2012-03-05 16:00,,PT_Normal,,,,,yNlZVruET6qp50MwM2f9GQ,,,,N,0,0,,,2011-10-18 11:38,2011-10-24 18:15,admin,admin
41,82466,923,10595,842,1,0,N,N,N,CP_Drtn,TT_Task,DT_FixedDUR2,RV_OK,TK_NotStart,JP-A300,Final touch up,,16,0,32,0,0,0,32,0,0,0,,,,2012-03-10 08:00,2012-03-13 16:00,,2012-03-07 08:00,2012-03-11 16:00,2012-03-07 08:00,2012-03-11 16:00,2012-03-07 08:00,2012-03-11 16:00,,2012-03-10 08:00,2012-03-13 16:00,,PT_Normal,,,,,w1ZxhLQGRHqCw2Z8uywvfA,,,,N,0,0,,,2011-10-18 11:38,2011-10-24 18:15,admin,admin
42,82467,923,10595,842,1,0,N,N,N,CP_Drtn,TT_Task,DT_FixedDUR2,RV_OK,TK_NotStart,JP-A320,Handing over & comissioning,,16,0,24,0,0,0,24,0,0,0,,,,2012-03-14 08:00,2012-03-17 16:00,,2012-03-12 08:00,2012-03-14 16:00,2012-03-12 08:00,2012-03-14 16:00,2012-03-12 08:00,2012-03-14 16:00,,2012-03-14 08:00,2012-03-17 16:00,,PT_Normal,,,,,tpteWcbPTb2sf0TsHREeEA,,,,N,0,0,,,2011-10-18 11:38,2011-10-24 18:15,admin,admin
43,82468,923,10595,842,1,0,N,N,N,CP_Drtn,TT_Task,DT_FixedDUR2,RV_OK,TK_NotStart,JP-A260,Louvers erection for upper roof,,128,112,104,0,0,0,104,0,0,0,,,,2012-03-03 08:00,2012-03-17 16:00,,2012-02-13 08:00,2012-02-27 16:00,2012-02-13 08:00,2012-02-27 16:00,2012-02-13 08:00,2012-02-27 16:00,,2012-03-03 08:00,2012-03-17 16:00,,PT_Normal,,,,,/5WKLRmvTw25vu/j1mMTlA,,,,N,0,0,,,2011-10-18 11:38,2011-10-24 18:15,admin,admin
44,82469,923,10595,842,1,0,N,N,N,CP_Drtn,TT_Task,DT_FixedDUR2,RV_OK,TK_NotStart,JP-A100,Utilities diversion(Electrical),,16,0,80,0,0,0,80,0,0,0,,,,2011-09-27 08:00,2011-10-08 16:00,,2011-09-25 08:00,2011-10-05 16:00,2011-09-25 08:00,2011-10-05 16:00,2011-09-25 08:00,2011-10-05 16:00,,2011-09-27 08:00,2011-10-08 16:00,,PT_Normal,,,,,IxqDQ5j6QdmefMTxDEddyA,,,,N,0,0,,,2011-10-18 11:38,2011-10-24 18:15,admin,admin
45,82470,923,10595,842,1,0,N,N,N,CP_Drtn,TT_Task,DT_FixedDUR2,RV_OK,TK_NotStart,JP-A150,Steel structure paintings,,104,88,240,0,0,0,240,0,0,0,,,,2012-02-12 08:00,2012-03-17 16:00,,2012-01-28 08:00,2012-03-01 16:00,2012-01-28 08:00,2012-03-01 16:00,2012-01-28 08:00,2012-03-01 16:00,,2012-02-12 08:00,2012-03-17 16:00,,PT_Normal,,,,,kCpTQL+6Qqi/KTVW8V/WkQ,,,,N,0,0,,,2011-10-18 11:38,2011-10-24 18:15,admin,admin
46,82471,923,10595,842,1,0,N,N,N,CP_Drtn,TT_Task,DT_FixedDUR2,RV_OK,TK_NotStart,JP-A270,Dismantle Sandwich Panel(after construction),,192,104,104,0,0,0,104,0,0,0,,,,2012-03-12 08:00,2012-03-26 16:00,,2012-02-13 08:00,2012-02-27 16:00,2012-02-13 08:00,2012-02-27 16:00,2012-02-13 08:00,2012-02-27 16:00,,2012-03-12 08:00,2012-03-26 16:00,,PT_Normal,,,,,8HSr0Qd8QLGBMagFKc6avg,,,,N,0,0,,,2011-10-18 11:38,2011-10-24 18:15,admin,admin
47,82472,923,10595,842,1,0,N,N,N,CP_Drtn,TT_Task,DT_FixedDUR2,RV_OK,TK_NotStart,JP-A330,Steel ladder &steel habd rail erection,,48,0,112,0,0,0,112,0,0,0,,,,2012-02-20 08:00,2012-03-06 16:00,,2012-02-13 08:00,2012-02-28 16:00,2012-02-13 08:00,2012-02-28 16:00,2012-02-13 08:00,2012-02-28 16:00,,2012-02-20 08:00,2012-03-06 16:00,,PT_Normal,,,,,OBjlJiCuRney1+DmEdyNiA,,,,N,0,0,,,2011-10-18 11:38,2011-10-24 18:15,admin,admin
48,82473,923,10597,842,1,0,N,N,N,CP_Drtn,TT_Task,DT_FixedDUR2,RV_OK,TK_NotStart,UHT 130,Plain concrete screed (150mm),,208,0,112,0,0,0,112,0,0,0,,,,2011-12-31 08:00,2012-01-15 16:00,,2011-11-30 08:00,2011-12-15 16:00,2011-11-30 08:00,2011-12-15 16:00,2011-11-30 08:00,2011-12-15 16:00,,2011-12-31 08:00,2012-01-15 16:00,,PT_Normal,,,,,wDrPmjSBS12ydNjgQMbSdQ,vewLjDJul0CmWy4StnQ7Cw,,,N,0,0,,,2011-10-18 11:38,2011-10-24 18:15,admin,admin
49,82474,923,10597,842,1,0,N,N,N,CP_Drtn,TT_Task,DT_FixedDUR2,RV_OK,TK_NotStart,UHT 140,Fair face conc. guard base(kerb),,208,0,112,0,0,0,112,0,0,0,,,,2012-01-16 08:00,2012-01-31 16:00,,2011-12-17 08:00,2012-01-01 16:00,2011-12-17 08:00,2012-01-01 16:00,2011-12-17 08:00,2012-01-01 16:00,,2012-01-16 08:00,2012-01-31 16:00,,PT_Normal,,,,,pAeirM8MTAuTx/m3zY5PtQ,,,,N,0,0,,,2011-10-18 11:38,2011-10-24 18:15,admin,admin
50,82475,923,10597,842,1,0,N,N,N,CP_Drtn,TT_Task,DT_FixedDUR2,RV_OK,TK_NotStart,UHT 120,Utilities diversion (Plumbing),,208,0,80,0,0,0,80,0,0,0,,,,2011-12-19 08:00,2011-12-29 16:00,,2011-11-17 08:00,2011-11-29 16:00,2011-11-17 08:00,2011-11-29 16:00,2011-11-17 08:00,2011-11-29 16:00,,2011-12-19 08:00,2011-12-29 16:00,,PT_Normal,,,,,ABghOE/SR/qltM07NySyUA,,,,N,0,0,,,2011-10-18 11:38,2011-10-24 18:15,admin,admin
51,82476,923,10597,842,1,0,N,N,N,CP_Drtn,TT_Task,DT_FixedDUR2,RV_OK,TK_NotStart,UHT 190,Stainless steel grating cover erection,,320,320,80,0,0,0,80,0,0,0,,,,2012-02-18 08:00,2012-02-28 16:00,,2012-01-02 08:00,2012-01-12 16:00,2012-01-02 08:00,2012-01-12 16:00,2012-01-02 08:00,2012-01-12 16:00,,2012-02-18 08:00,2012-02-28 16:00,,PT_Normal,,,,,aPdeXGpRQZeu1BFLdCdqBQ,,,,N,0,0,,,2011-10-18 11:38,2011-10-24 18:15,admin,admin
52,82477,923,10597,842,1,0,N,N,N,CP_Drtn,TT_Task,DT_FixedDUR2,RV_OK,TK_NotStart,UHT 110,Demolishing Slab on Grade,,208,0,240,0,0,0,240,0,0,0,,,,2011-11-13 08:00,2011-12-18 16:00,,2011-10-06 08:00,2011-11-16 16:00,2011-10-06 08:00,2011-11-16 16:00,2011-10-06 08:00,2011-11-16 16:00,,2011-11-13 08:00,2011-12-18 16:00,,PT_Normal,,,,,GsllkvxCQZ2o4R/42PtbdA,,,,N,0,0,,,2011-10-18 11:38,2011-10-24 18:15,admin,admin
53,82478,923,10598,842,1,0,N,N,N,CP_Drtn,TT_Task,DT_FixedDUR2,RV_OK,TK_NotStart,UHT 170,Dismantle Doors & Louvers,,128,0,32,0,0,0,32,0,0,0,,,,2012-03-07 08:00,2012-03-11 16:00,,2012-02-18 08:00,2012-02-21 16:00,2012-02-18 08:00,2012-02-21 16:00,2012-02-18 08:00,2012-02-21 16:00,,2012-03-07 08:00,2012-03-11 16:00,,PT_Normal,,,,,3wgW5htqRXeR49ZBX4qneQ,3EeuGMqDDEa7N00fuREHSg,,,N,0,0,,,2011-10-18 11:38,2011-10-24 18:15,admin,admin
54,82479,923,10598,842,1,0,N,N,N,CP_Drtn,TT_Task,DT_FixedDUR2,RV_OK,TK_NotStart,UHT 220,Dismantle Sandwich Panel,,128,128,40,0,0,0,40,0,0,0,,,,2012-03-12 08:00,2012-03-17 16:00,,2012-02-22 08:00,2012-02-27 16:00,2012-02-22 08:00,2012-02-27 16:00,2012-02-22 08:00,2012-02-27 16:00,,2012-03-12 08:00,2012-03-17 16:00,,PT_Normal,,,,,VMR8MwkJShuILUzG2jWp0A,pBPdI/zT2k+kCKcNvGx2Kg,,,N,0,0,,,2011-10-18 11:38,2011-10-24 18:15,admin,admin
55,82480,923,10598,842,1,0,N,N,N,CP_Drtn,TT_Task,DT_FixedDUR2,RV_OK,TK_NotStart,UHT 150,Sandwich Panel erection,,208,0,56,0,0,0,56,0,0,0,,,,2012-02-01 08:00,2012-02-08 16:00,,2012-01-02 08:00,2012-01-09 16:00,2012-01-02 08:00,2012-01-09 16:00,2012-01-02 08:00,2012-01-09 16:00,,2012-02-01 08:00,2012-02-08 16:00,,PT_Normal,,,,,lRZU2pw1TaSOaRYUK48MNQ,mx5sj8xGQU+M+podjLAxBA,,,N,0,0,,,2011-10-18 11:38,2011-10-24 18:15,admin,admin
56,82481,923,10598,842,1,0,N,N,N,CP_Drtn,TT_Task,DT_FixedDUR2,RV_OK,TK_NotStart,UHT 230,Polyurethane Flooring,,0,0,80,0,0,0,80,0,0,0,,,,2012-02-29 08:00,2012-03-11 16:00,,2012-02-29 08:00,2012-03-11 16:00,2012-02-29 08:00,2012-03-11 16:00,2012-02-29 08:00,2012-03-11 16:00,,2012-02-29 08:00,2012-03-11 16:00,,PT_Normal,,,,,zzjhqbAASCiDBYw585F4Qg,dRvY0/CLMk+5XQE2mIj/ug,,,Y,0,0,,,2011-10-18 11:38,2011-10-24 18:15,admin,admin
57,82482,923,10598,842,1,0,N,N,N,CP_Drtn,TT_Task,DT_FixedDUR2,RV_OK,TK_NotStart,UHT 180,Doors erection,,56,0,24,0,0,0,24,0,0,0,,,,2012-02-26 08:00,2012-02-28 16:00,,2012-02-18 08:00,2012-02-20 16:00,2012-02-18 08:00,2012-02-20 16:00,2012-02-18 08:00,2012-02-20 16:00,,2012-02-26 08:00,2012-02-28 16:00,,PT_Normal,,,,,HqckL1yxQQ6p/+OMagy7/w,S8hbNcMIuEm80L9ZYVFP3Q,,,N,0,0,,,2011-10-18 11:38,2011-10-24 18:15,admin,admin
58,82483,923,10598,842,1,0,N,N,N,CP_Drtn,TT_Task,DT_FixedDUR2,RV_OK,TK_NotStart,UHT 160,Epoxy Paint for old sandwich panel & column base,2165,208,152,80,0,16,16,80,0,0,0,,,,2012-02-09 08:00,2012-02-20 16:00,,2012-01-10 08:00,2012-01-21 16:00,2012-01-10 08:00,2012-01-21 16:00,2012-01-10 08:00,2012-01-21 16:00,,2012-02-09 08:00,2012-02-20 16:00,,PT_Normal,,,,,41532dRvT3SzZZfNvaeYDw,dj73gBk5VkGxQ5YwyRdv7A,,,N,0,0,,,2011-10-18 11:38,2011-10-24 18:15,admin,admin
59,82484,923,10598,842,1,0,N,N,N,CP_Drtn,TT_Task,DT_FixedDUR2,RV_OK,TK_NotStart,UHT 240,Final touch up,,0,0,16,0,0,0,16,0,0,0,,,,2012-03-12 08:00,2012-03-13 16:00,,2012-03-12 08:00,2012-03-13 16:00,2012-03-12 08:00,2012-03-13 16:00,2012-03-12 08:00,2012-03-13 16:00,,2012-03-12 08:00,2012-03-13 16:00,,PT_Normal,,,,,jqw8dMJtSESsJqMwwsLTKA,,,,Y,0,0,,,2011-10-18 11:38,2011-10-24 18:15,admin,admin
60,82485,923,10598,842,1,0,N,N,N,CP_Drtn,TT_Task,DT_FixedDUR2,RV_OK,TK_NotStart,UHT 250,Handing over & comissioning,,0,0,24,0,0,0,24,0,0,0,,,,2012-03-14 08:00,2012-03-17 16:00,,2012-03-14 08:00,2012-03-17 16:00,2012-03-14 08:00,2012-03-17 16:00,2012-03-14 08:00,2012-03-17 16:00,,2012-03-14 08:00,2012-03-17 16:00,,PT_Normal,,,,,CruRDn7QSLayEE49Q8FSDA,,,,Y,0,0,,,2011-10-18 11:38,2011-10-24 18:15,admin,admin
61,82486,923,10598,842,1,0,N,N,N,CP_Drtn,TT_Task,DT_FixedDUR2,RV_OK,TK_NotStart,UHT 200,Louvers erection,,168,168,32,0,0,0,32,0,0,0,,,,2012-03-13 08:00,2012-03-17 16:00,,2012-02-18 08:00,2012-02-21 16:00,2012-02-18 08:00,2012-02-21 16:00,2012-02-18 08:00,2012-02-21 16:00,,2012-03-13 08:00,2012-03-17 16:00,,PT_Normal,,,,,Cyb666YBTJ2DSo+e66vxoA,,,,N,0,0,,,2011-10-18 11:38,2011-10-24 18:15,admin,admin
62,82488,923,10598,842,1,0,N,N,N,CP_Drtn,TT_Task,DT_FixedDUR2,RV_OK,TK_NotStart,UHT 100,Utilities diversion(Electrical),,208,0,80,0,0,0,80,0,0,0,,,,2011-10-25 08:00,2011-11-12 16:00,,2011-09-25 08:00,2011-10-05 16:00,2011-09-25 08:00,2011-10-05 16:00,2011-09-25 08:00,2011-10-05 16:00,,2011-10-25 08:00,2011-11-12 16:00,,PT_Normal,,,,,bTZAkUAATmOttjMk5ntFYw,,,,N,0,0,,,2011-10-18 11:38,2011-10-24 18:15,admin,admin
63,82489,923,10601,842,1,0,N,N,N,CP_Drtn,TT_Task,DT_FixedDUR2,RV_OK,TK_NotStart,PET-Z1-CC-100,Demolishing and/or chamfering the existed Concrete parts,,0,0,24,0,0,0,24,0,0,0,,,,2011-09-25 08:00,2011-09-27 16:00,,2011-09-25 08:00,2011-09-27 16:00,2011-09-25 08:00,2011-09-27 16:00,2011-09-25 08:00,2011-09-27 16:00,,2011-09-25 08:00,2011-09-27 16:00,,PT_Normal,,,,,mm4CozwNRDO7SZ9k1rUe0A,UV4BZT/8oUKigbxFWA0WJg,,,Y,0,0,,,2011-10-18 11:38,2011-10-24 15:49,admin,admin
64,82490,923,10601,842,1,0,N,N,N,CP_Drtn,TT_Task,DT_FixedDUR2,RV_OK,TK_NotStart,PET-Z1-CC-110,Excavation,,0,0,96,0,0,0,96,0,0,0,,,,2011-09-28 08:00,2011-10-11 16:00,,2011-09-28 08:00,2011-10-11 16:00,2011-09-28 08:00,2011-10-11 16:00,2011-09-28 08:00,2011-10-11 16:00,,2011-09-28 08:00,2011-10-11 16:00,,PT_Normal,,,,,BARHoWxISha42RB8ctZYOg,MSaLJRU8cUm3CbmnxibhzQ,,,Y,0,0,,,2011-10-18 11:38,2011-10-24 15:49,admin,admin
65,82491,923,10601,842,1,0,N,N,N,CP_Drtn,TT_Task,DT_FixedDUR2,RV_OK,TK_NotStart,PET-Z1-CC-130,Replacement Under Footings,,0,0,96,0,0,0,96,0,0,0,,,,2011-10-12 08:00,2011-10-25 16:00,,2011-10-12 08:00,2011-10-25 16:00,2011-10-12 08:00,2011-10-25 16:00,2011-10-12 08:00,2011-10-25 16:00,,2011-10-12 08:00,2011-10-25 16:00,,PT_Normal,,,,,NVxx40EpR52awVDFMorx2A,9bHVXVTL/0aPQF6hdJUm1w,,,Y,0,0,,,2011-10-18 11:38,2011-10-24 15:49,admin,admin
66,82492,923,10601,842,1,0,N,N,N,CP_Drtn,TT_Task,DT_FixedDUR2,RV_OK,TK_NotStart,PET-Z1-CC-150,Plain Concrete footings,2104,0,0,120,0,12,12,120,0,0,0,,,,2011-10-26 08:00,2011-11-19 16:00,,2011-10-26 08:00,2011-11-19 16:00,2011-10-26 08:00,2011-11-19 16:00,2011-10-26 08:00,2011-11-19 16:00,,2011-10-26 08:00,2011-11-19 16:00,,PT_Normal,,,,,XbH2TYGFTzq1Qa1sppUIrQ,Cjqm7hEM30Smwsm9TIWThg,,,Y,0,0,,,2011-10-18 11:38,2011-10-24 15:49,admin,admin
67,82493,923,10601,842,1,0,N,N,N,CP_Drtn,TT_Task,DT_FixedDUR2,RV_OK,TK_NotStart,PET-Z1-CC-160,R.C. footings & tie beams,2102,0,0,120,0,185,185,120,0,0,0,,,,2011-11-03 08:00,2011-11-28 16:00,,2011-11-03 08:00,2011-11-28 16:00,2011-11-03 08:00,2011-11-28 16:00,2011-11-03 08:00,2011-11-28 16:00,,2011-11-03 08:00,2011-11-28 16:00,,PT_Normal,,,,,EbD9bwTyRFiRq6jbMYPiXg,YfOhGsLwDUi+LZKW20xkzg,,,Y,0,0,,,2011-10-18 11:38,2011-10-24 15:49,admin,admin
68,82494,923,10601,842,1,0,N,N,N,CP_Drtn,TT_Task,DT_FixedDUR2,RV_OK,TK_NotStart,PET-Z1-CC-170,Bituminous waterproofing for foundations,,0,0,96,0,0,0,96,0,0,0,,,,2011-11-19 08:00,2011-12-03 16:00,,2011-11-19 08:00,2011-12-03 16:00,2011-11-19 08:00,2011-12-03 16:00,2011-11-19 08:00,2011-12-03 16:00,,2011-11-19 08:00,2011-12-03 16:00,,PT_Normal,,,,,7veojEE+QAS6Z52KTWVERQ,Am45y1gIDEK9yVLNYScl0g,,,Y,0,0,,,2011-10-18 11:38,2011-10-24 15:49,admin,admin
69,82495,923,10601,842,1,0,N,N,N,CP_Drtn,TT_Task,DT_FixedDUR2,RV_OK,TK_NotStart,PET-Z1-CC-220,Steel structure erection(columns&rafters),2280,0,0,160,0,100,100,160,0,0,0,,,,2011-12-15 08:00,2012-01-07 16:00,,2011-12-15 08:00,2012-01-07 16:00,2011-12-15 08:00,2012-01-07 16:00,2011-12-15 08:00,2012-01-07 16:00,,2011-12-15 08:00,2012-01-07 16:00,,PT_Normal,,,,,5nDFg0vUSbGXKo9HC44jmg,3O7cWzgq+UGId5uhN7jfWg,,,Y,0,0,,,2011-10-18 11:38,2011-10-24 15:49,admin,admin
70,82496,923,10601,842,1,0,N,N,N,CP_Drtn,TT_Task,DT_FixedDUR2,RV_OK,TK_NotStart,PET-Z1-CC-200,Backfilling under plain concrete,,0,0,104,0,0,0,104,0,0,0,,,,2011-12-04 08:00,2011-12-18 16:00,,2011-12-04 08:00,2011-12-18 16:00,2011-12-04 08:00,2011-12-18 16:00,2011-12-04 08:00,2011-12-18 16:00,,2011-12-04 08:00,2011-12-18 16:00,,PT_Normal,,,,,SSWR4Q7oS8KAqbRbi0+aCQ,j2Im4DSD+0+IRkZhnijEpQ,,,Y,0,0,,,2011-10-18 11:38,2011-10-24 15:49,admin,admin
71,82497,923,10601,842,1,0,N,N,N,CP_Drtn,TT_Task,DT_FixedDUR2,RV_OK,TK_NotStart,PET-Z1-CC-260,Slab On Grade,,0,0,120,0,0,0,120,0,0,0,,,,2012-01-17 08:00,2012-02-02 16:00,,2012-01-17 08:00,2012-02-02 16:00,2012-01-17 08:00,2012-02-02 16:00,2012-01-17 08:00,2012-02-02 16:00,,2012-01-17 08:00,2012-02-02 16:00,,PT_Normal,,,,,OXdX+W2DRny19YHI9PV0XQ,mpZVAqlBzEKYmf8fsHMpeg,,,Y,0,0,,,2011-10-18 11:38,2011-10-24 15:49,admin,admin
72,82498,923,10601,842,1,0,N,N,N,CP_Drtn,TT_Task,DT_FixedDUR2,RV_OK,TK_NotStart,PET-Z1-CC-300,Concrete Screed,,0,0,112,0,0,0,112,0,0,0,,,,2012-02-04 08:00,2012-02-19 16:00,,2012-02-04 08:00,2012-02-19 16:00,2012-02-04 08:00,2012-02-19 16:00,2012-02-04 08:00,2012-02-19 16:00,,2012-02-04 08:00,2012-02-19 16:00,,PT_Normal,,,,,7xvqr4W3Q3mEfTNhfuwM8w,cIu6GkUhzEiqmLEM0ORnbA,,,Y,0,0,,,2011-10-18 11:38,2011-10-24 15:49,admin,admin
73,82499,923,10601,842,1,0,N,N,N,CP_Drtn,TT_Task,DT_FixedDUR2,RV_OK,TK_NotStart,PET-Z1-CC-180,RC for pedestals,,32,0,80,0,0,0,80,0,0,0,,,,2011-12-04 08:00,2011-12-14 16:00,,2011-11-29 08:00,2011-12-10 16:00,2011-11-29 08:00,2011-12-10 16:00,2011-11-29 08:00,2011-12-10 16:00,,2011-12-04 08:00,2011-12-14 16:00,,PT_Normal,,,,,pKb15N+XTJKz+JxCdX5ypg,1zrznmK5F0mqUCTTiGyGtQ,,,N,0,0,,,2011-10-18 11:38,2011-10-24 15:49,admin,admin
74,82500,923,10601,842,1,0,N,N,N,CP_Drtn,TT_Task,DT_FixedDUR2,RV_OK,TK_NotStart,PET-Z1-CC-230,Plain concrete 50mm thick,,0,0,80,0,0,0,80,0,0,0,,,,2012-01-05 08:00,2012-01-16 16:00,,2012-01-05 08:00,2012-01-16 16:00,2012-01-05 08:00,2012-01-16 16:00,2012-01-05 08:00,2012-01-16 16:00,,2012-01-05 08:00,2012-01-16 16:00,,PT_Normal,,,,,Ne1VBxQbSbSasK5mNcTAbA,JC6SVhJaikeuTpMNyU+y8g,,,Y,0,0,,,2011-10-18 11:38,2011-10-24 15:49,admin,admin
75,82501,923,10601,992,1,0,N,N,N,CP_Drtn,TT_Task,DT_FixedDUR2,RV_OK,TK_NotStart,PET-Z1-CC-280,walk on ceiling installation ( @level 15) area-1,,-1,0,296,0,0,0,296,0,0,0,,,,2012-01-31 16:00,2012-03-14 16:00,,2012-02-01 08:00,2012-03-14 17:00,2012-02-01 08:00,2012-03-14 17:00,2012-02-01 08:00,2012-03-14 17:00,,2012-01-31 16:00,2012-03-14 16:00,,PT_Normal,,,,,NtKbkl61T6uDdXMdwSM4yg,,,,Y,0,0,,,2011-10-18 11:38,2011-10-24 15:49,admin,admin
76,82502,923,10601,842,1,0,N,N,N,CP_Drtn,TT_Task,DT_FixedDUR2,RV_OK,TK_NotStart,PET-Z1-CC-310,corrugated sheet (@level 17) area-1,,72,0,80,0,0,0,80,0,0,0,,,,2012-02-16 08:00,2012-02-27 16:00,,2012-02-06 08:00,2012-02-16 16:00,2012-02-06 08:00,2012-02-16 16:00,2012-02-06 08:00,2012-02-16 16:00,,2012-02-16 08:00,2012-02-27 16:00,,PT_Normal,,,,,v78BjTj5RbGNbIqDo5acyA,,,,N,0,0,,,2011-10-18 11:38,2011-10-24 18:15,admin,admin
77,82503,923,10601,842,1,0,N,N,N,CP_Drtn,TT_Task,DT_FixedDUR2,RV_OK,TK_NotStart,PET-Z1-CC-320,RC casting for deck floor (area-1),,72,0,56,0,0,0,56,0,0,0,,,,2012-02-28 08:00,2012-03-06 16:00,,2012-02-18 08:00,2012-02-25 16:00,2012-02-18 08:00,2012-02-25 16:00,2012-02-18 08:00,2012-02-25 16:00,,2012-02-28 08:00,2012-03-06 16:00,,PT_Normal,,,,,mYio1rKHRsmDw5wCHgPCpQ,,,,N,0,0,,,2011-10-18 11:38,2011-10-24 18:15,admin,admin
78,82504,923,10601,842,1,0,N,N,N,CP_Drtn,TT_Task,DT_FixedDUR2,RV_OK,TK_NotStart,PET-Z1-CC-250,corrugated sheet (@level 16) area-2,,104,0,120,0,0,0,120,0,0,0,,,,2012-02-09 08:00,2012-02-26 16:00,,2012-01-25 08:00,2012-02-11 16:00,2012-01-25 08:00,2012-02-11 16:00,2012-01-25 08:00,2012-02-11 16:00,,2012-02-09 08:00,2012-02-26 16:00,,PT_Normal,,,,,jaByRnuCQ8W2WXV+rN2m6g,,,,N,0,0,,,2011-10-18 11:38,2011-10-24 18:15,admin,admin
79,82505,923,10601,842,1,0,N,N,N,CP_Drtn,TT_Task,DT_FixedDUR2,RV_OK,TK_NotStart,PET-Z1-CC-270,RC casting for deck floors (area-2),,104,0,56,0,0,0,56,0,0,0,,,,2012-02-27 08:00,2012-03-05 16:00,,2012-02-12 08:00,2012-02-19 16:00,2012-02-12 08:00,2012-02-19 16:00,2012-02-12 08:00,2012-02-19 16:00,,2012-02-27 08:00,2012-03-05 16:00,,PT_Normal,,,,,/0lDDLLMTqC0hXPiclS2hA,,,,N,0,0,,,2011-10-18 11:38,2011-10-24 18:15,admin,admin
80,82506,923,10601,992,1,0,N,N,N,CP_Drtn,TT_Task,DT_FixedDUR2,RV_OK,TK_NotStart,PET-Z1-CC-290,walk on ceiling installation ( @level 17.2) area-2,,-1,0,296,0,0,0,296,0,0,0,,,,2012-01-31 16:00,2012-03-14 16:00,,2012-02-01 08:00,2012-03-14 17:00,2012-02-01 08:00,2012-03-14 17:00,2012-02-01 08:00,2012-03-14 17:00,,2012-01-31 16:00,2012-03-14 16:00,,PT_Normal,,,,,JjnQ4/qQQh2PcERkfcAcQw,W/8j0RH9FEys56Y7z3MyVg,,,Y,0,0,,,2011-10-18 11:38,2011-10-24 15:49,admin,admin
81,82507,923,10601,842,1,0,N,N,N,CP_Drtn,TT_Task,DT_FixedDUR2,RV_OK,TK_NotStart,PET-Z1-CC-190,Anchors for steel structure,,32,32,80,0,0,0,80,0,0,0,,,,2011-12-04 08:00,2011-12-14 16:00,,2011-11-29 08:00,2011-12-10 16:00,2011-11-29 08:00,2011-12-10 16:00,2011-11-29 08:00,2011-12-10 16:00,,2011-12-04 08:00,2011-12-14 16:00,,PT_Normal,,,,,gUw+/rdBSJKqvLBQYcR0ug,,,,N,0,0,,,2011-10-18 11:38,2011-10-24 15:49,admin,admin
82,82508,923,10601,842,1,0,N,N,N,CP_Drtn,TT_Task,DT_FixedDUR2,RV_OK,TK_NotStart,PET-Z1-CC-240,Membrane sheet 400 micron,,0,0,80,0,0,0,80,0,0,0,,,,2012-01-05 08:00,2012-01-16 16:00,,2012-01-05 08:00,2012-01-16 16:00,2012-01-05 08:00,2012-01-16 16:00,2012-01-05 08:00,2012-01-16 16:00,,2012-01-05 08:00,2012-01-16 16:00,,PT_Normal,,,,,xuEmRuFBT7Co+bo4m/dUYA,,,,Y,0,0,,,2011-10-18 11:38,2011-10-24 15:49,admin,admin
83,82509,923,10601,842,1,0,N,N,N,CP_Drtn,TT_Task,DT_FixedDUR2,RV_OK,TK_NotStart,PET-Z1-CC-120,Detect underground Utilities,,16,0,96,0,0,0,96,0,0,0,,,,2011-10-01 08:00,2011-10-13 16:00,,2011-09-28 08:00,2011-10-11 16:00,2011-09-28 08:00,2011-10-11 16:00,2011-09-28 08:00,2011-10-11 16:00,,2011-10-01 08:00,2011-10-13 16:00,,PT_Normal,,,,,Bp8rdiDMQTG5lEQ6/LEJdg,,,,N,0,0,,,2011-10-18 11:38,2011-10-24 15:49,admin,admin
84,82510,923,10601,842,1,0,N,N,N,CP_Drtn,TT_Task,DT_FixedDUR2,RV_OK,TK_NotStart,PET-Z1-CC-140,Utilities diversion,,16,16,144,0,0,0,144,0,0,0,,,,2011-10-15 08:00,2011-11-03 16:00,,2011-10-12 08:00,2011-11-01 16:00,2011-10-12 08:00,2011-11-01 16:00,2011-10-12 08:00,2011-11-01 16:00,,2011-10-15 08:00,2011-11-03 16:00,,PT_Normal,,,,,jVQ19wYiQZqbqyUigmUp4A,,,,N,0,0,,,2011-10-18 11:38,2011-10-24 15:49,admin,admin
85,82511,923,10601,842,1,0,N,N,N,CP_Drtn,TT_Task,DT_FixedDUR2,RV_OK,TK_NotStart,PET-Z1-CC-210,Concrete beams&columns for masonry,,64,0,240,0,0,0,240,0,0,0,,,,2011-12-18 08:00,2012-01-21 16:00,,2011-12-08 08:00,2012-01-11 16:00,2011-12-08 08:00,2012-01-11 16:00,2011-12-08 08:00,2012-01-11 16:00,,2011-12-18 08:00,2012-01-21 16:00,,PT_Normal,,,,,qzAYokd4TrOfYzWuw9QJjA,,,,N,0,0,,,2011-10-18 11:38,2011-10-24 15:49,admin,admin
86,82512,923,10601,842,1,0,N,N,N,CP_Drtn,TT_Task,DT_FixedDUR2,RV_OK,TK_NotStart,PET-Z1-CC-330,Expansion joint,,56,48,56,0,0,0,56,0,0,0,,,,2012-02-20 08:00,2012-02-27 16:00,,2012-02-12 08:00,2012-02-19 16:00,2012-02-12 08:00,2012-02-19 16:00,2012-02-12 08:00,2012-02-19 16:00,,2012-02-20 08:00,2012-02-27 16:00,,PT_Normal,,,,,lXcRmbnqRuS6jrxRyQoT3A,,,,N,0,0,,,2011-10-18 11:38,2011-10-24 18:14,admin,admin
87,82513,923,10601,842,1,0,N,N,N,CP_Drtn,TT_Task,DT_FixedDUR2,RV_OK,TK_NotStart,PET-Z1-CC-340,Stainless steel pane fixation,,56,48,56,0,0,0,56,0,0,0,,,,2012-02-20 08:00,2012-02-27 16:00,,2012-02-12 08:00,2012-02-19 16:00,2012-02-12 08:00,2012-02-19 16:00,2012-02-12 08:00,2012-02-19 16:00,,2012-02-20 08:00,2012-02-27 16:00,,PT_Normal,,,,,HT74TsqkTfCne7ffXPQEkw,,,,N,0,0,,,2011-10-18 11:38,2011-10-24 18:14,admin,admin
88,82514,923,10601,842,1,0,N,N,N,CP_Drtn,TT_Task,DT_FixedDUR2,RV_OK,TK_NotStart,PET-Z1-CC-225,Steel structure erection(perlins&portal frames),2280,0,0,160,0,70,70,160,0,0,0,,,,2011-12-27 08:00,2012-01-18 16:00,,2011-12-27 08:00,2012-01-18 16:00,2011-12-27 08:00,2012-01-18 16:00,2011-12-27 08:00,2012-01-18 16:00,,2011-12-27 08:00,2012-01-18 16:00,,PT_Normal,,,,,cIhdNQ0pT1OtDVcHOkZtNw,HeE6xW/HQwWE7B51uyI0Dg,,,Y,0,0,,,2011-10-18 11:38,2011-10-24 15:49,admin,admin
89,82515,923,10602,842,1,0,N,N,N,CP_Drtn,TT_Task,DT_FixedDUR2,RV_OK,TK_NotStart,PET-Z1-AR-200,Polyurethane Flooring,,0,0,120,0,0,0,120,0,0,0,,,,2012-02-29 08:00,2012-03-17 16:00,,2012-02-29 08:00,2012-03-17 16:00,2012-02-29 08:00,2012-03-17 16:00,2012-02-29 08:00,2012-03-17 16:00,,2012-02-29 08:00,2012-03-17 16:00,,PT_Normal,,,,,kEIFMeeWR7iFCaB5R8JQ9g,,,,Y,0,0,,,2011-10-18 11:38,2011-10-24 18:15,admin,admin
90,82516,923,10602,842,1,0,N,N,N,CP_Drtn,TT_Task,DT_FixedDUR2,RV_OK,TK_NotStart,PET-Z1-AR-230,Dismantle Works (doors & windows),,8,8,24,0,0,0,24,0,0,0,,,,2012-03-04 08:00,2012-03-06 16:00,,2012-03-03 08:00,2012-03-05 16:00,2012-03-03 08:00,2012-03-05 16:00,2012-03-03 08:00,2012-03-05 16:00,,2012-03-04 08:00,2012-03-06 16:00,,PT_Normal,,,,,OO5PcpvbShK5Lp0YIkTHJA,nk6cZ6YC4k2iLZXO4yU53w,,,N,0,0,,,2011-10-18 11:38,2011-10-24 18:14,admin,admin
91,82517,923,10602,842,1,0,N,N,N,CP_Drtn,TT_Task,DT_FixedDUR2,RV_OK,TK_NotStart,PET-Z1-AR-190,Sandwich Panel For Walls,,0,0,112,0,0,0,112,0,0,0,,,,2012-02-28 08:00,2012-03-14 16:00,,2012-02-28 08:00,2012-03-15 08:00,2012-02-28 08:00,2012-03-14 16:00,2012-02-28 08:00,2012-03-14 16:00,,2012-02-28 08:00,2012-03-14 16:00,,PT_Normal,,,,,0oeG8GM0QzKT/N3ig1j/gQ,OffvCNVCsEyr8HyLD8rrpA,,,Y,0,0,,,2011-10-18 11:38,2011-10-24 18:14,admin,admin
92,82518,923,10602,842,1,0,N,N,N,CP_Drtn,TT_Task,DT_FixedDUR2,RV_OK,TK_NotStart,PET-Z1-AR-100,Masonry,2103,64,0,240,0,120,120,240,0,0,0,,,,2011-12-11 08:00,2012-01-14 16:00,,2011-12-01 08:00,2012-01-04 16:00,2011-12-01 08:00,2012-01-04 16:00,2011-12-01 08:00,2012-01-04 16:00,,2011-12-11 08:00,2012-01-14 16:00,,PT_Normal,,,,,Osv1QaixQtmG8NII8qJGCw,K9HYqWP7GEiNw2kt8Snsjw,,,N,0,0,,,2011-10-18 11:38,2011-10-24 15:49,admin,admin
93,82519,923,10602,842,1,0,N,N,N,CP_Drtn,TT_Task,DT_FixedDUR2,RV_OK,TK_NotStart,PET-Z1-AR-110,Internal Cement Plaster,2166,64,64,200,0,120,120,200,0,0,0,,,,2012-01-22 08:00,2012-02-19 16:00,,2012-01-12 08:00,2012-02-09 16:00,2012-01-12 08:00,2012-02-09 16:00,2012-01-12 08:00,2012-02-09 16:00,,2012-01-22 08:00,2012-02-19 16:00,,PT_Normal,,,,,tYfl8GJCSmOKHwRslfCeMQ,SVZaDcDyMkKdh7I9fLW1Ug,,,N,0,0,,,2011-10-18 11:38,2011-10-24 15:49,admin,admin
94,82520,923,10602,842,1,0,N,N,N,CP_Drtn,TT_Task,DT_FixedDUR2,RV_OK,TK_NotStart,PET-Z1-AR-240,Steel Doors erection,,0,0,80,0,0,0,80,0,0,0,,,,2012-03-04 08:00,2012-03-14 16:00,,2012-03-04 08:00,2012-03-15 08:00,2012-03-04 08:00,2012-03-15 08:00,2012-03-04 08:00,2012-03-15 08:00,,2012-03-04 08:00,2012-03-14 16:00,,PT_Normal,,,,,cegRmAL9RaiJlhqHdcs3vQ,VEJ1vuTwWk2+O1LEcDfaxw,,,Y,0,0,,,2011-10-18 11:38,2011-10-24 15:49,admin,admin
95,82521,923,10602,842,1,0,N,N,N,CP_Drtn,TT_Task,DT_FixedDUR2,RV_OK,TK_NotStart,PET-Z1-AR-170,Epoxy Paint,2165,0,0,80,0,16,16,80,0,0,0,,,,2012-02-20 08:00,2012-03-01 16:00,,2012-02-20 08:00,2012-03-01 16:00,2012-02-20 08:00,2012-03-01 16:00,2012-02-20 08:00,2012-03-01 16:00,,2012-02-20 08:00,2012-03-01 16:00,,PT_Normal,,,,,Vh5/+lTrQ7+5pb+LktHWcA,v3RoKZnmLEqpj6ddluFxtw,,,Y,0,0,,,2011-10-18 11:38,2011-10-24 15:49,admin,admin
96,82522,923,10602,842,1,0,N,N,N,CP_Drtn,TT_Task,DT_FixedDUR2,RV_OK,TK_NotStart,PET-Z1-AR-160,External Cement Plaster,2166,88,32,80,0,20,20,80,0,0,0,,,,2012-02-27 08:00,2012-03-08 16:00,,2012-02-14 08:00,2012-02-25 16:00,2012-02-14 08:00,2012-02-25 16:00,2012-02-14 08:00,2012-02-25 16:00,,2012-02-27 08:00,2012-03-08 16:00,,PT_Normal,,,,,S4XHCFWDRI+yiSXLDXCuRA,EU0iKbww5kutwnfneGe6Aw,,,N,0,0,,,2011-10-18 11:38,2011-10-24 18:15,admin,admin
97,82523,923,10602,842,1,0,N,N,N,CP_Drtn,TT_Task,DT_FixedDUR2,RV_OK,TK_NotStart,PET-Z1-AR-130,Erection of Roof Sandwich Panel(@level 19.5&20.40,,40,0,136,0,0,0,136,0,0,0,,,,2012-01-31 08:00,2012-02-19 16:00,,2012-01-25 08:00,2012-02-13 16:00,2012-01-25 08:00,2012-02-13 16:00,2012-01-25 08:00,2012-02-13 16:00,,2012-01-31 08:00,2012-02-19 16:00,,PT_Normal,,,,,eeQLydC1SfSkrZxHowThkA,NGko0tNVlkO+GM/b8P5SNA,,,N,0,0,,,2011-10-18 11:38,2011-10-24 15:49,admin,admin
98,82524,923,10602,842,1,0,N,N,N,CP_Drtn,TT_Task,DT_FixedDUR2,RV_OK,TK_NotStart,PET-Z1-AR-140,Epoxy Paint (@level 15) area-2,2165,104,104,80,0,4,4,80,0,0,0,,,,2012-03-06 08:00,2012-03-17 16:00,,2012-02-20 08:00,2012-03-01 16:00,2012-02-20 08:00,2012-03-01 16:00,2012-02-20 08:00,2012-03-01 16:00,,2012-03-06 08:00,2012-03-17 16:00,,PT_Normal,,,,,AZ9aXguhR3ifWAsgwzlhYg,,,,N,0,0,,,2011-10-18 11:38,2011-10-24 18:15,admin,admin
99,82525,923,10602,842,1,0,N,N,N,CP_Drtn,TT_Task,DT_FixedDUR2,RV_OK,TK_NotStart,PET-Z1-AR-220,Acrylic paint for external plaster,2163,56,56,56,0,12,12,56,0,0,0,,,,2012-03-10 08:00,2012-03-17 16:00,,2012-03-01 08:00,2012-03-08 16:00,2012-03-01 08:00,2012-03-08 16:00,2012-03-01 08:00,2012-03-08 16:00,,2012-03-10 08:00,2012-03-17 16:00,,PT_Normal,,,,,opTVG7KSSPSZ00rhjTq4Zg,,,,N,0,0,,,2011-10-18 11:38,2011-10-24 18:15,admin,admin
100,82526,923,10602,842,1,0,N,N,N,CP_Drtn,TT_Task,DT_FixedDUR2,RV_OK,TK_NotStart,PET-Z1-AR-180,Epoxy Paint (@level 17.8) area-1,2165,72,72,72,0,20,20,72,0,0,0,,,,2012-03-07 08:00,2012-03-17 16:00,,2012-02-26 08:00,2012-03-06 16:00,2012-02-26 08:00,2012-03-06 16:00,2012-02-26 08:00,2012-03-06 16:00,,2012-03-07 08:00,2012-03-17 16:00,,PT_Normal,,,,,qVhFjFjGRjSRMOMjxXcPDA,Hdfusjx5TEGeZsTQP+Cw1g,,,N,0,0,,,2011-10-18 11:38,2011-10-24 18:15,admin,admin
101,82527,923,10602,842,1,0,N,N,N,CP_Drtn,TT_Task,DT_FixedDUR2,RV_OK,TK_NotStart,PET-Z1-AR-150,Fair face conc. guard base(kerb),,8,8,120,0,0,0,120,0,0,0,,,,2012-02-11 08:00,2012-02-27 16:00,,2012-02-09 08:00,2012-02-26 16:00,2012-02-09 08:00,2012-02-26 16:00,2012-02-09 08:00,2012-02-26 16:00,,2012-02-11 08:00,2012-02-27 16:00,,PT_Normal,,,,,+sqg2TdCSBSjnS1BvgzpBA,,,,N,0,0,,,2011-10-18 11:38,2011-10-24 18:14,admin,admin
102,82528,923,10602,842,1,0,N,N,N,CP_Drtn,TT_Task,DT_FixedDUR2,RV_OK,TK_NotStart,PET-Z1-AR-280,Final touch up,,0,0,24,0,0,0,24,0,0,0,,,,2012-03-12 08:00,2012-03-14 16:00,,2012-03-12 08:00,2012-03-15 08:00,2012-03-12 08:00,2012-03-15 08:00,2012-03-12 08:00,2012-03-15 08:00,,2012-03-12 08:00,2012-03-14 16:00,,PT_Normal,,,,,Gph+r982RLOixkdgfN8eCQ,,,,Y,0,0,,,2011-10-18 11:38,2011-10-24 15:49,admin,admin
103,82529,923,10602,842,1,0,N,N,N,CP_Drtn,TT_Task,DT_FixedDUR2,RV_OK,TK_NotStart,PET-Z1-AR-290,Handing over & comissioning,,0,0,32,0,0,0,32,0,0,0,,,,2012-03-13 08:00,2012-03-17 16:00,,2012-03-13 08:00,2012-03-17 16:00,2012-03-13 08:00,2012-03-17 16:00,2012-03-13 08:00,2012-03-17 16:00,,2012-03-13 08:00,2012-03-17 16:00,,PT_Normal,,,,,ljfXx76DRzWJy/e2iaPzVA,,,,Y,0,0,,,2011-10-18 11:38,2011-10-24 18:15,admin,admin
104,82530,923,10602,842,1,0,N,N,N,CP_Drtn,TT_Task,DT_FixedDUR2,RV_OK,TK_NotStart,PET-Z1-AR-250,Louvers erection,,16,16,80,0,0,0,80,0,0,0,,,,2012-03-06 08:00,2012-03-17 16:00,,2012-03-04 08:00,2012-03-15 08:00,2012-03-04 08:00,2012-03-15 08:00,2012-03-04 08:00,2012-03-15 08:00,,2012-03-06 08:00,2012-03-17 16:00,,PT_Normal,,,,,kqQOVtfDQoWkTEqU5T4NPw,JqDJGf9oOEeYVvR5RLbg1g,,,N,0,0,,,2011-10-18 11:38,2011-10-24 18:15,admin,admin
105,82531,923,10602,842,1,0,N,N,N,CP_Drtn,TT_Task,DT_FixedDUR2,RV_OK,TK_NotStart,PET-Z1-AR-260,Windows erection,,16,16,80,0,0,0,80,0,0,0,,,,2012-03-06 08:00,2012-03-17 16:00,,2012-03-04 08:00,2012-03-15 08:00,2012-03-04 08:00,2012-03-15 08:00,2012-03-04 08:00,2012-03-15 08:00,,2012-03-06 08:00,2012-03-17 16:00,,PT_Normal,,,,,wKx7ytQqQtW3qotZyV848w,ZKeZk6dzcE6TuFyYuw0aXw,,,N,0,0,,,2011-10-18 11:38,2011-10-24 18:15,admin,admin
106,82532,923,10602,842,1,0,N,N,N,CP_Drtn,TT_Task,DT_FixedDUR2,RV_OK,TK_NotStart,PET-Z1-AR-270,Erection of Steel ladder & steel handrail & painting,,104,104,80,0,0,0,80,0,0,0,,,,2012-03-06 08:00,2012-03-17 16:00,,2012-02-20 08:00,2012-03-01 16:00,2012-02-20 08:00,2012-03-01 16:00,2012-02-20 08:00,2012-03-01 16:00,,2012-03-06 08:00,2012-03-17 16:00,,PT_Normal,,,,,lrYES3dFQKuiHpk3RbyAcw,byFoe6Be20ydjmst+mmm7Q,,,N,0,0,,,2011-10-18 11:38,2011-10-24 18:15,admin,admin
107,82533,923,10602,842,1,0,N,N,N,CP_Drtn,TT_Task,DT_FixedDUR2,RV_OK,TK_NotStart,PET-Z1-AR-120,Steel structure paintings,,64,0,240,0,0,0,240,0,0,0,,,,2012-02-04 08:00,2012-03-08 16:00,,2012-01-25 08:00,2012-02-28 16:00,2012-01-25 08:00,2012-02-28 16:00,2012-01-25 08:00,2012-02-28 16:00,,2012-02-04 08:00,2012-03-08 16:00,,PT_Normal,,,,,5YCCUURkTGahLhvSSnvhQg,,,,N,0,0,,,2011-10-18 11:38,2011-10-24 18:15,admin,admin
108,82534,923,10602,842,1,0,N,N,N,CP_Drtn,TT_Task,DT_FixedDUR2,RV_OK,TK_NotStart,PET-Z1-AR-210,Guard bollard erection,,32,32,56,0,0,0,56,0,0,0,,,,2012-03-05 08:00,2012-03-12 16:00,,2012-02-29 08:00,2012-03-07 16:00,2012-02-29 08:00,2012-03-07 16:00,2012-02-29 08:00,2012-03-07 16:00,,2012-03-05 08:00,2012-03-12 16:00,,PT_Normal,,,,,xmSIQ116Q8uOWSGNa5Ic6A,,,,N,0,0,,,2011-10-18 11:38,2011-10-24 18:15,admin,admin
109,82535,923,10604,842,1,0,N,N,N,CP_Drtn,TT_Task,DT_FixedDUR2,RV_OK,TK_NotStart,PET-Z2-CC-100,Demolishing Of Existing Concrete,,8,0,24,0,0,0,24,0,0,0,,,,2011-10-02 08:00,2011-10-04 16:00,,2011-10-01 08:00,2011-10-03 16:00,2011-10-01 08:00,2011-10-03 16:00,2011-10-01 08:00,2011-10-03 16:00,,2011-10-02 08:00,2011-10-04 16:00,,PT_Normal,,,,,cwcAlPPPRGuDY9utcSYfpQ,lVdCsxJtSECx+NyOdXGwyA,,,N,0,0,,,2011-10-18 11:38,2011-10-24 18:15,admin,admin
110,82536,923,10604,842,1,0,N,N,N,CP_Drtn,TT_Task,DT_FixedDUR2,RV_OK,TK_NotStart,PET-Z2-CC-110,Excavation,,8,0,96,0,0,0,96,0,0,0,,,,2011-10-05 08:00,2011-10-18 16:00,,2011-10-04 08:00,2011-10-17 16:00,2011-10-04 08:00,2011-10-17 16:00,2011-10-04 08:00,2011-10-17 16:00,,2011-10-05 08:00,2011-10-18 16:00,,PT_Normal,,,,,Ei58oaSdT16aDfeNYHEWFQ,QRUsee8KtEOOppZIwEDmpA,,,N,0,0,,,2011-10-18 11:38,2011-10-24 18:15,admin,admin
111,82537,923,10604,842,1,0,N,N,N,CP_Drtn,TT_Task,DT_FixedDUR2,RV_OK,TK_NotStart,PET-Z2-CC-130,Replacement Under Footings,,8,0,96,0,0,0,96,0,0,0,,,,2011-10-19 08:00,2011-11-01 16:00,,2011-10-18 08:00,2011-10-31 16:00,2011-10-18 08:00,2011-10-31 16:00,2011-10-18 08:00,2011-10-31 16:00,,2011-10-19 08:00,2011-11-01 16:00,,PT_Normal,,,,,71GrLKkCQoKMSPJSi2ZKTQ,eoilmfaoLEKNxI0neTli5Q,,,N,0,0,,,2011-10-18 11:38,2011-10-24 18:15,admin,admin
112,82538,923,10604,842,1,0,N,N,N,CP_Drtn,TT_Task,DT_FixedDUR2,RV_OK,TK_NotStart,PET-Z2-CC-150,Plain Concrete footings,2104,8,0,80,0,12,12,80,0,0,0,,,,2011-11-02 08:00,2011-11-20 16:00,,2011-11-01 08:00,2011-11-19 16:00,2011-11-01 08:00,2011-11-19 16:00,2011-11-01 08:00,2011-11-19 16:00,,2011-11-02 08:00,2011-11-20 16:00,,PT_Normal,,,,,H4jz4nC1TyWl8I0QSVUwmw,5YIA18cGaUuRiz10mjnkkQ,,,N,0,0,,,2011-10-18 11:38,2011-10-24 18:15,admin,admin
113,82539,923,10604,842,1,0,N,N,N,CP_Drtn,TT_Task,DT_FixedDUR2,RV_OK,TK_NotStart,PET-Z2-CC-160,R.C. footings & tie beams,2104,8,0,120,0,185,185,120,0,0,0,,,,2011-11-17 08:00,2011-12-05 16:00,,2011-11-16 08:00,2011-12-04 16:00,2011-11-16 08:00,2011-12-04 16:00,2011-11-16 08:00,2011-12-04 16:00,,2011-11-17 08:00,2011-12-05 16:00,,PT_Normal,,,,,oBm+B6BqRE+r1Rh3iMXIow,wa6WUAxUu0extTooVW3Kfg,,,N,0,0,,,2011-10-18 11:38,2011-10-24 18:15,admin,admin
114,82540,923,10604,842,1,0,N,N,N,CP_Drtn,TT_Task,DT_FixedDUR2,RV_OK,TK_NotStart,PET-Z2-CC-170,Bituminus waterproofing for foundations,,8,0,80,0,0,0,80,0,0,0,,,,2011-11-26 08:00,2011-12-07 16:00,,2011-11-24 08:00,2011-12-06 16:00,2011-11-24 08:00,2011-12-06 16:00,2011-11-24 08:00,2011-12-06 16:00,,2011-11-26 08:00,2011-12-07 16:00,,PT_Normal,,,,,adBS8ZLbTyGVIjp6R1n8hQ,YI+ANGE/jUuQxgTw7kfnZA,,,N,0,0,,,2011-10-18 11:38,2011-10-24 18:15,admin,admin
115,82541,923,10604,842,1,0,N,N,N,CP_Drtn,TT_Task,DT_FixedDUR2,RV_OK,TK_NotStart,PET-Z2-CC-220,Steel structure erection(columns&rafters),2280,8,0,160,0,100,100,160,0,0,0,,,,2011-12-18 08:00,2012-01-09 16:00,,2011-12-17 08:00,2012-01-08 16:00,2011-12-17 08:00,2012-01-08 16:00,2011-12-17 08:00,2012-01-08 16:00,,2011-12-18 08:00,2012-01-09 16:00,,PT_Normal,,,,,W4SZRU3eTFinVGdIBFzROA,oI/+HulBMUCqedQEBMoQPw,,,N,0,0,,,2011-10-18 11:38,2011-10-24 18:15,admin,admin
116,82542,923,10604,842,1,0,N,N,N,CP_Drtn,TT_Task,DT_FixedDUR2,RV_OK,TK_NotStart,PET-Z2-CC-190,Backfilling under plain concrete,,8,0,80,0,0,0,80,0,0,0,,,,2011-12-08 08:00,2011-12-19 16:00,,2011-12-07 08:00,2011-12-18 16:00,2011-12-07 08:00,2011-12-18 16:00,2011-12-07 08:00,2011-12-18 16:00,,2011-12-08 08:00,2011-12-19 16:00,,PT_Normal,,,,,XdYb+buYRZS/PefebBwRnw,HzfXh1d0a0qG8YubyfOiTQ,,,N,0,0,,,2011-10-18 11:38,2011-10-24 18:15,admin,admin
117,82543,923,10604,842,1,0,N,N,N,CP_Drtn,TT_Task,DT_FixedDUR2,RV_OK,TK_NotStart,PET-Z2-CC-250,Slab On Grade,,8,0,120,0,0,0,120,0,0,0,,,,2012-01-22 08:00,2012-02-07 16:00,,2012-01-21 08:00,2012-02-06 16:00,2012-01-21 08:00,2012-02-06 16:00,2012-01-21 08:00,2012-02-06 16:00,,2012-01-22 08:00,2012-02-07 16:00,,PT_Normal,,,,,uBJSGmaMS1uhiRTmWP3+pQ,x4jGlTe66UizPyxg35xOgg,,,N,0,0,,,2011-10-18 11:38,2011-10-24 18:15,admin,admin
118,82544,923,10604,842,1,0,N,N,N,CP_Drtn,TT_Task,DT_FixedDUR2,RV_OK,TK_NotStart,PET-Z2-CC-260,Plain Concrete Screed,,8,0,200,0,0,0,200,0,0,0,,,,2012-01-28 08:00,2012-02-25 16:00,,2012-01-26 08:00,2012-02-23 16:00,2012-01-26 08:00,2012-02-23 16:00,2012-01-26 08:00,2012-02-23 16:00,,2012-01-28 08:00,2012-02-25 16:00,,PT_Normal,,,,,bouHvVzPQSunBMiJq44gvw,CuUH5Tx5y0WYB4bgDxsYvA,,,N,0,0,,,2011-10-18 11:38,2011-10-24 18:15,admin,admin
119,82545,923,10604,842,1,0,N,N,N,CP_Drtn,TT_Task,DT_FixedDUR2,RV_OK,TK_NotStart,PET-Z2-CC-180,RC for pedestals,,8,0,80,0,0,0,80,0,0,0,,,,2011-12-06 08:00,2011-12-17 16:00,,2011-12-05 08:00,2011-12-15 16:00,2011-12-05 08:00,2011-12-15 16:00,2011-12-05 08:00,2011-12-15 16:00,,2011-12-06 08:00,2011-12-17 16:00,,PT_Normal,,,,,IOhBljWJTNKZtA0z0niLmg,,,,N,0,0,,,2011-10-18 11:38,2011-10-24 18:15,admin,admin
120,82546,923,10604,842,1,0,N,N,N,CP_Drtn,TT_Task,DT_FixedDUR2,RV_OK,TK_NotStart,PET-Z2-CC-230,Plain concrete 50mm thick,,8,0,80,0,0,0,80,0,0,0,,,,2012-01-10 08:00,2012-01-21 16:00,,2012-01-09 08:00,2012-01-19 16:00,2012-01-09 08:00,2012-01-19 16:00,2012-01-09 08:00,2012-01-19 16:00,,2012-01-10 08:00,2012-01-21 16:00,,PT_Normal,,,,,JuyyKHaBQyS9Sn9/1bGUrQ,,,,N,0,0,,,2011-10-18 11:38,2011-10-24 18:15,admin,admin
121,82547,923,10604,842,1,0,N,N,N,CP_Drtn,TT_Task,DT_FixedDUR2,RV_OK,TK_NotStart,PET-Z2-CC-200,Anchors for steel structure,,8,0,64,0,0,0,64,0,0,0,,,,2011-12-08 08:00,2011-12-17 16:00,,2011-12-07 08:00,2011-12-15 16:00,2011-12-07 08:00,2011-12-15 16:00,2011-12-07 08:00,2011-12-15 16:00,,2011-12-08 08:00,2011-12-17 16:00,,PT_Normal,,,,,zPe+KSWPQdim+WJtYqiVpA,,,,N,0,0,,,2011-10-18 11:38,2011-10-24 18:15,admin,admin
122,82548,923,10604,842,1,0,N,N,N,CP_Drtn,TT_Task,DT_FixedDUR2,RV_OK,TK_NotStart,PET-Z2-CC-240,Membrane sheet 400 micron,,8,0,80,0,0,0,80,0,0,0,,,,2012-01-10 08:00,2012-01-21 16:00,,2012-01-09 08:00,2012-01-19 16:00,2012-01-09 08:00,2012-01-19 16:00,2012-01-09 08:00,2012-01-19 16:00,,2012-01-10 08:00,2012-01-21 16:00,,PT_Normal,,,,,Rj/kFvHqTx+FAoFW+4mbFQ,,,,N,0,0,,,2011-10-18 11:38,2011-10-24 18:15,admin,admin
123,82549,923,10604,842,1,0,N,N,N,CP_Drtn,TT_Task,DT_FixedDUR2,RV_OK,TK_NotStart,PET-Z2-CC-120,Detect underground Utilities,,8,0,96,0,0,0,96,0,0,0,,,,2011-10-05 08:00,2011-10-18 16:00,,2011-10-04 08:00,2011-10-17 16:00,2011-10-04 08:00,2011-10-17 16:00,2011-10-04 08:00,2011-10-17 16:00,,2011-10-05 08:00,2011-10-18 16:00,,PT_Normal,,,,,6xJ7gZYgSOC0l4TV0CSVRQ,,,,N,0,0,,,2011-10-18 11:38,2011-10-24 18:15,admin,admin
124,82550,923,10604,842,1,0,N,N,N,CP_Drtn,TT_Task,DT_FixedDUR2,RV_OK,TK_NotStart,PET-Z2-CC-210,Concrete beams&columns for masonry,,24,0,240,0,0,0,240,0,0,0,,,,2011-12-18 08:00,2012-01-21 16:00,,2011-12-14 08:00,2012-01-17 16:00,2011-12-14 08:00,2012-01-17 16:00,2011-12-14 08:00,2012-01-17 16:00,,2011-12-18 08:00,2012-01-21 16:00,,PT_Normal,,,,,Tcj3eP1aTA6kCqGwTBOC4g,,,,N,0,0,,,2011-10-18 11:38,2011-10-24 18:15,admin,admin
125,82551,923,10604,842,1,0,N,N,N,CP_Drtn,TT_Task,DT_FixedDUR2,RV_OK,TK_NotStart,PET-Z2-CC-140,Utilities diversion,,8,0,144,0,0,0,144,0,0,0,,,,2011-10-19 08:00,2011-11-15 16:00,,2011-10-18 08:00,2011-11-14 16:00,2011-10-18 08:00,2011-11-14 16:00,2011-10-18 08:00,2011-11-14 16:00,,2011-10-19 08:00,2011-11-15 16:00,,PT_Normal,,,,,3BF9EOtUTiOYxy/ULpueNw,,,,N,0,0,,,2011-10-18 11:38,2011-10-24 18:15,admin,admin
126,82552,923,10604,842,1,0,N,N,N,CP_Drtn,TT_Task,DT_FixedDUR2,RV_OK,TK_NotStart,PET-Z2-CC-270,Stainless steel pane fixation,,8,0,56,0,0,0,56,0,0,0,,,,2012-02-18 08:00,2012-02-25 16:00,,2012-02-16 08:00,2012-02-23 16:00,2012-02-16 08:00,2012-02-23 16:00,2012-02-16 08:00,2012-02-23 16:00,,2012-02-18 08:00,2012-02-25 16:00,,PT_Normal,,,,,C9o3UhKvSsS/xpKmTHX+Og,,,,N,0,0,,,2011-10-18 11:38,2011-10-24 18:15,admin,admin
127,82553,923,10604,842,1,0,N,N,N,CP_Drtn,TT_Task,DT_FixedDUR2,RV_OK,TK_NotStart,PET-Z2-CC-280,Expansion joint,,8,0,56,0,0,0,56,0,0,0,,,,2012-02-18 08:00,2012-02-25 16:00,,2012-02-16 08:00,2012-02-23 16:00,2012-02-16 08:00,2012-02-23 16:00,2012-02-16 08:00,2012-02-23 16:00,,2012-02-18 08:00,2012-02-25 16:00,,PT_Normal,,,,,Rp8ECIPgTNiFe54p1WxwHQ,,,,N,0,0,,,2011-10-18 11:38,2011-10-24 18:15,admin,admin
128,82554,923,10604,842,1,0,N,N,N,CP_Drtn,TT_Task,DT_FixedDUR2,RV_OK,TK_NotStart,PET-Z2-CC-225,Steel structure erection(perlins&portal frames),2280,8,0,160,0,70,70,160,0,0,0,,,,2011-12-29 08:00,2012-01-21 16:00,,2011-12-28 08:00,2012-01-19 16:00,2011-12-28 08:00,2012-01-19 16:00,2011-12-28 08:00,2012-01-19 16:00,,2011-12-29 08:00,2012-01-21 16:00,,PT_Normal,,,,,8AAaF4V/Q0CoBfHHK80DpA,KglGeUktROiV6+cgO13PMA,,,N,0,0,,,2011-10-18 11:38,2011-10-24 18:15,admin,admin
129,82555,923,10605,842,1,0,N,N,N,CP_Drtn,TT_Task,DT_FixedDUR2,RV_OK,TK_NotStart,PET-Z2-AR-190,Dismantle Works (doors & windows),,16,0,24,0,0,0,24,0,0,0,,,,2012-03-05 08:00,2012-03-07 16:00,,2012-03-03 08:00,2012-03-05 16:00,2012-03-03 08:00,2012-03-05 16:00,2012-03-03 08:00,2012-03-05 16:00,,2012-03-05 08:00,2012-03-07 16:00,,PT_Normal,,,,,JvdTfxLhRoiriAqmYPEhwg,Te7T52zcp0++MK3LV1guww,,,N,0,0,,,2011-10-18 11:38,2011-10-24 18:15,admin,admin
130,82556,923,10605,842,1,0,N,N,N,CP_Drtn,TT_Task,DT_FixedDUR2,RV_OK,TK_NotStart,PET-Z2-AR-150,Sandwich Panel For Walls,,8,0,120,0,0,0,120,0,0,0,,,,2012-02-26 08:00,2012-03-13 16:00,,2012-02-25 08:00,2012-03-12 16:00,2012-02-25 08:00,2012-03-12 16:00,2012-02-25 08:00,2012-03-12 16:00,,2012-02-26 08:00,2012-03-13 16:00,,PT_Normal,,,,,cgj2rZrLRhmQma2dBTxhAQ,+3StPaSLHkOtWSUB+w7wYA,,,N,0,0,,,2011-10-18 11:38,2011-10-24 18:15,admin,admin
131,82557,923,10605,842,1,0,N,N,N,CP_Drtn,TT_Task,DT_FixedDUR2,RV_OK,TK_NotStart,PET-Z2-AR-100,Masonry,2103,24,0,240,0,120,120,240,0,0,0,,,,2011-12-11 08:00,2012-01-14 16:00,,2011-12-07 08:00,2012-01-10 16:00,2011-12-07 08:00,2012-01-10 16:00,2011-12-07 08:00,2012-01-10 16:00,,2011-12-11 08:00,2012-01-14 16:00,,PT_Normal,,,,,8SCSgg6lRaCTMAS740vZIg,9PhId843hEyLB+qXjiNr5w,,,N,0,0,,,2011-10-18 11:38,2011-10-24 18:15,admin,admin
132,82558,923,10605,842,1,0,N,N,N,CP_Drtn,TT_Task,DT_FixedDUR2,RV_OK,TK_NotStart,PET-Z2-AR-110,Internal Cement Plaster,2166,24,16,240,0,120,120,240,0,0,0,,,,2012-01-22 08:00,2012-02-25 16:00,,2012-01-18 08:00,2012-02-21 16:00,2012-01-18 08:00,2012-02-21 16:00,2012-01-18 08:00,2012-02-21 16:00,,2012-01-22 08:00,2012-02-25 16:00,,PT_Normal,,,,,ukEfTBzYRNiAy6Hs5DA9cA,1BvZ/l2lXU66fAyjOkHTNg,,,N,0,0,,,2011-10-18 11:38,2011-10-24 18:15,admin,admin
133,82559,923,10605,842,1,0,N,N,N,CP_Drtn,TT_Task,DT_FixedDUR2,RV_OK,TK_NotStart,PET-Z2-AR-200,Steel Doors erection,,8,0,80,0,0,0,80,0,0,0,,,,2012-03-04 08:00,2012-03-14 16:00,,2012-03-03 08:00,2012-03-13 16:00,2012-03-03 08:00,2012-03-13 16:00,2012-03-03 08:00,2012-03-13 16:00,,2012-03-04 08:00,2012-03-14 16:00,,PT_Normal,,,,,NQpFkPmPQeO+0HjLTPbyZA,QYKXBPsHOUajUxp/raVuWw,,,N,0,0,,,2011-10-18 11:38,2011-10-24 18:15,admin,admin
134,82560,923,10605,842,1,0,N,N,N,CP_Drtn,TT_Task,DT_FixedDUR2,RV_OK,TK_NotStart,PET-Z2-AR-160,Epoxy Paint,2165,8,0,80,0,16,16,80,0,0,0,,,,2012-02-26 08:00,2012-03-07 16:00,,2012-02-25 08:00,2012-03-06 16:00,2012-02-25 08:00,2012-03-06 16:00,2012-02-25 08:00,2012-03-06 16:00,,2012-02-26 08:00,2012-03-07 16:00,,PT_Normal,,,,,6E86/Vz/QB6fs0HD6OcBgw,xNjsddbYFUKRYyODpldwvg,,,N,0,0,,,2011-10-18 11:38,2011-10-24 18:15,admin,admin
135,82561,923,10605,842,1,0,N,N,N,CP_Drtn,TT_Task,DT_FixedDUR2,RV_OK,TK_NotStart,PET-Z2-AR-170,External Cement Plaster,2166,32,0,80,0,20,20,80,0,0,0,,,,2012-02-29 08:00,2012-03-11 16:00,,2012-02-25 08:00,2012-03-06 16:00,2012-02-25 08:00,2012-03-06 16:00,2012-02-25 08:00,2012-03-06 16:00,,2012-02-29 08:00,2012-03-11 16:00,,PT_Normal,,,,,NzR3xdTwTu+vaNhGaXJd3A,dG5rWdvO40y7yMg9wqjAdg,,,N,0,0,,,2011-10-18 11:38,2011-10-24 18:15,admin,admin
136,82562,923,10605,842,1,0,N,N,N,CP_Drtn,TT_Task,DT_FixedDUR2,RV_OK,TK_NotStart,PET-Z2-AR-120,Erection of Roof Sandwich Panel(@level 19.5&20.40),,8,0,240,0,0,0,240,0,0,0,,,,2012-01-22 08:00,2012-02-25 16:00,,2012-01-21 08:00,2012-02-23 16:00,2012-01-21 08:00,2012-02-23 16:00,2012-01-21 08:00,2012-02-23 16:00,,2012-01-22 08:00,2012-02-25 16:00,,PT_Normal,,,,,mrdtuEZnShyR8OWjOnKxeA,,,,N,0,0,,,2011-10-18 11:38,2011-10-24 19:55,admin,admin
137,82563,923,10605,842,1,0,N,N,N,CP_Drtn,TT_Task,DT_FixedDUR2,RV_OK,TK_NotStart,PET-Z2-AR-240,Acrylic paint for external plaster,2163,32,32,40,0,16,16,40,0,0,0,,,,2012-03-12 08:00,2012-03-17 16:00,,2012-03-07 08:00,2012-03-12 16:00,2012-03-07 08:00,2012-03-12 16:00,2012-03-07 08:00,2012-03-12 16:00,,2012-03-12 08:00,2012-03-17 16:00,,PT_Normal,,,,,pLLi8JoETDyxD/TMdnfGlg,+BgAPdB5GECVv43y2XqZJw,,,N,0,0,,,2011-10-18 11:38,2011-10-24 18:15,admin,admin
138,82564,923,10605,842,1,0,N,N,N,CP_Drtn,TT_Task,DT_FixedDUR2,RV_OK,TK_NotStart,PET-Z2-AR-140,Fair face conc. guard base(kerb),,8,0,120,0,0,0,120,0,0,0,,,,2012-02-08 08:00,2012-02-25 16:00,,2012-02-07 08:00,2012-02-23 16:00,2012-02-07 08:00,2012-02-23 16:00,2012-02-07 08:00,2012-02-23 16:00,,2012-02-08 08:00,2012-02-25 16:00,,PT_Normal,,,,,7cHj4dbJRaa1DZ1IZ2Dakg,,,,N,0,0,,,2011-10-18 11:38,2011-10-24 18:15,admin,admin
139,82565,923,10605,842,1,0,N,N,N,CP_Drtn,TT_Task,DT_FixedDUR2,RV_OK,TK_NotStart,PET-Z2-AR-260,Handing over & comissioning,,8,8,40,0,0,0,40,0,0,0,,,,2012-03-12 08:00,2012-03-17 16:00,,2012-03-11 08:00,2012-03-15 16:00,2012-03-11 08:00,2012-03-15 16:00,2012-03-11 08:00,2012-03-15 16:00,,2012-03-12 08:00,2012-03-17 16:00,,PT_Normal,,,,,+cgaYG4sSM+klldxf7NXAw,,,,N,0,0,,,2011-10-18 11:38,2011-10-24 18:15,admin,admin
140,82566,923,10605,842,1,0,N,N,N,CP_Drtn,TT_Task,DT_FixedDUR2,RV_OK,TK_NotStart,PET-Z2-AR-250,Final touch up,,8,0,24,0,0,0,24,0,0,0,,,,2012-03-08 08:00,2012-03-11 16:00,,2012-03-07 08:00,2012-03-10 16:00,2012-03-07 08:00,2012-03-10 16:00,2012-03-07 08:00,2012-03-10 16:00,,2012-03-08 08:00,2012-03-11 16:00,,PT_Normal,,,,,fZH3o3qASfO301dCbg8d7A,,,,N,0,0,,,2011-10-18 11:38,2011-10-24 18:15,admin,admin
141,82567,923,10605,842,1,0,N,N,N,CP_Drtn,TT_Task,DT_FixedDUR2,RV_OK,TK_NotStart,PET-Z2-AR-210,Louvers erection,,24,24,80,0,0,0,80,0,0,0,,,,2012-03-06 08:00,2012-03-17 16:00,,2012-03-03 08:00,2012-03-13 16:00,2012-03-03 08:00,2012-03-13 16:00,2012-03-03 08:00,2012-03-13 16:00,,2012-03-06 08:00,2012-03-17 16:00,,PT_Normal,,,,,flc1Q62vS/WE6NVx0qeMbg,,,,N,0,0,,,2011-10-18 11:38,2011-10-24 18:15,admin,admin
142,82568,923,10605,842,1,0,N,N,N,CP_Drtn,TT_Task,DT_FixedDUR2,RV_OK,TK_NotStart,PET-Z2-AR-220,Windows erection,,24,24,80,0,0,0,80,0,0,0,,,,2012-03-06 08:00,2012-03-17 16:00,,2012-03-03 08:00,2012-03-13 16:00,2012-03-03 08:00,2012-03-13 16:00,2012-03-03 08:00,2012-03-13 16:00,,2012-03-06 08:00,2012-03-17 16:00,,PT_Normal,,,,,2iAnhyEBQ228TZ5vWqGvkg,,,,N,0,0,,,2011-10-18 11:38,2011-10-24 18:15,admin,admin
143,82569,923,10605,842,1,0,N,N,N,CP_Drtn,TT_Task,DT_FixedDUR2,RV_OK,TK_NotStart,PET-Z2-AR-230,Steel ladder& steel handrail,,24,24,80,0,0,0,80,0,0,0,,,,2012-03-06 08:00,2012-03-17 16:00,,2012-03-03 08:00,2012-03-13 16:00,2012-03-03 08:00,2012-03-13 16:00,2012-03-03 08:00,2012-03-13 16:00,,2012-03-06 08:00,2012-03-17 16:00,,PT_Normal,,,,,y/trQICTTrqDHxTufuVFWA,,,,N,0,0,,,2011-10-18 11:38,2011-10-24 18:15,admin,admin
144,82570,923,10605,842,1,0,N,N,N,CP_Drtn,TT_Task,DT_FixedDUR2,RV_OK,TK_NotStart,PET-Z2-AR-130,Steel structure paintings,,56,0,240,0,0,0,240,0,0,0,,,,2012-02-04 08:00,2012-03-08 16:00,,2012-01-26 08:00,2012-02-29 16:00,2012-01-26 08:00,2012-02-29 16:00,2012-01-26 08:00,2012-02-29 16:00,,2012-02-04 08:00,2012-03-08 16:00,,PT_Normal,,,,,ye9WQsPBQpGCddwzbNNThw,,,,N,0,0,,,2011-10-18 11:38,2011-10-24 18:15,admin,admin
145,82571,923,10605,842,1,0,N,N,N,CP_Drtn,TT_Task,DT_FixedDUR2,RV_OK,TK_NotStart,PET-Z2-AR-180,Guard bollard erection,,24,16,56,0,0,0,56,0,0,0,,,,2012-03-04 08:00,2012-03-11 16:00,,2012-02-29 08:00,2012-03-07 16:00,2012-02-29 08:00,2012-03-07 16:00,2012-02-29 08:00,2012-03-07 16:00,,2012-03-04 08:00,2012-03-11 16:00,,PT_Normal,,,,,bbXAxao1SxqKSOAOHybRVQ,,,,N,0,0,,,2011-10-18 11:38,2011-10-24 18:15,admin,admin
146,82572,923,10606,842,0,0,N,N,N,CP_Drtn,TT_Mile,DT_FixedDrtn,RV_OK,TK_NotStart,Ms 108,Commencement date,,0,0,0,0,0,0,0,0,0,0,,,,2011-09-17 08:00,2011-09-17 08:00,,2011-09-17 08:00,2011-09-17 08:00,2011-09-17 08:00,2011-09-17 08:00,2011-09-17 08:00,2011-09-17 08:00,,2011-09-17 08:00,2011-09-17 08:00,,PT_Normal,,,,,wV3wi564QWOuIPXxOmjg2A,W2mC3VMFx0aaA1fISCa4IA,,,Y,0,0,,,2011-10-18 11:38,2011-10-23 15:32,admin,admin
147,82573,923,10606,842,1,0,N,N,N,CP_Drtn,TT_Task,DT_FixedDUR2,RV_OK,TK_NotStart,Ms 110,Mobilization & temporary facilities,,0,0,56,0,0,0,56,0,0,0,,,,2011-09-17 08:00,2011-09-24 16:00,,2011-09-17 08:00,2011-09-24 16:00,2011-09-17 08:00,2011-09-24 16:00,2011-09-17 08:00,2011-09-24 16:00,,2011-09-17 08:00,2011-09-24 16:00,,PT_Normal,,,,,lRGgIS40QK+F9jxcP38mow,,,,Y,0,0,,,2011-10-18 11:38,2011-10-18 12:29,admin,admin
148,82574,923,10606,842,0,0,N,N,N,CP_Drtn,TT_FinMile,DT_FixedDrtn,RV_OK,TK_NotStart,Ms 160,Juice preparation finish dates,,16,16,0,0,0,0,0,0,0,0,,,,2012-03-17 16:00,2012-03-17 16:00,,2012-03-14 16:00,2012-03-14 16:00,2012-03-14 16:00,2012-03-14 16:00,2012-03-14 16:00,2012-03-14 16:00,,2012-03-17 16:00,2012-03-17 16:00,,PT_Normal,,,,,H0YgrXNrQH6T0RdjLPvNHg,,,,N,0,0,,,2011-10-18 11:38,2011-10-24 18:15,admin,admin
149,82575,923,10606,842,0,0,N,N,N,CP_Drtn,TT_FinMile,DT_FixedDrtn,RV_OK,TK_NotStart,Ms 170,Pet filling finish date,,0,0,0,0,0,0,0,0,0,0,,,,2012-03-17 16:00,2012-03-17 16:00,,2012-03-17 16:00,2012-03-17 16:00,2012-03-17 16:00,2012-03-17 16:00,2012-03-17 16:00,2012-03-17 16:00,,2012-03-17 16:00,2012-03-17 16:00,,PT_Normal,,,,,JgKc/MlCRI+wyDIN730iAw,,,,Y,0,0,,,2011-10-18 11:38,2011-10-24 18:15,admin,admin
150,82576,923,10606,842,0,0,N,N,N,CP_Drtn,TT_FinMile,DT_FixedDrtn,RV_OK,TK_NotStart,Ms 180,Snag list finish dates,,0,0,0,0,0,0,0,0,0,0,,,,2012-03-17 16:00,2012-03-17 16:00,,2012-03-17 16:00,2012-03-17 16:00,2012-03-17 16:00,2012-03-17 16:00,2012-03-17 16:00,2012-03-17 16:00,,2012-03-17 16:00,2012-03-17 16:00,,PT_Normal,,,,,j8CZc6s0Tc2vXYrZjC+ygw,,,,Y,0,0,,,2011-10-18 11:38,2011-10-24 18:15,admin,admin
151,82577,923,10606,842,0,0,N,N,N,CP_Drtn,TT_FinMile,DT_FixedDrtn,RV_OK,TK_NotStart,Ms 120,As built drawings,,0,0,0,0,0,0,0,0,0,0,,,,2012-03-17 16:00,2012-03-17 16:00,,2012-03-17 16:00,2012-03-17 16:00,2012-03-17 16:00,2012-03-17 16:00,2012-03-17 16:00,2012-03-17 16:00,,2012-03-17 16:00,2012-03-17 16:00,,PT_Normal,,,,,RasYxJDbSVqSkVmXKFURKw,,,,Y,0,0,,,2011-10-18 11:38,2011-10-24 18:15,admin,admin
152,82578,923,10606,842,1,0,N,N,N,CP_Drtn,TT_Task,DT_FixedDUR2,RV_OK,TK_NotStart,Ms 190,Soil Investigation Report,,152,152,120,0,0,0,120,0,0,0,,,,2011-10-17 08:00,2011-11-02 16:00,,2011-09-25 08:00,2011-10-11 16:00,2011-09-25 08:00,2011-10-11 16:00,2011-09-25 08:00,2011-10-11 16:00,,2011-10-17 08:00,2011-11-02 16:00,,PT_Normal,,,,,fVIp2okTSVuMZM1Y+bBmUA,,,,N,0,0,,,2011-10-18 11:38,2011-10-24 15:49,admin,admin
153,82579,923,10606,842,1,0,N,N,N,CP_Drtn,TT_Task,DT_FixedDUR2,RV_OK,TK_NotStart,Ms 111,Site survey,,0,0,56,0,0,0,56,0,0,0,,,,2011-09-25 08:00,2011-10-02 16:00,,2011-09-25 08:00,2011-10-02 16:00,2011-09-25 08:00,2011-10-02 16:00,2011-09-25 08:00,2011-10-02 16:00,,2011-09-25 08:00,2011-10-02 16:00,,PT_Normal,,,,,pdV/O5UdQgCqlEZNse72xw,,,,Y,0,0,,,2011-10-18 11:38,2011-10-24 15:49,admin,admin
154,82580,923,10606,842,0,0,N,N,N,CP_Drtn,TT_FinMile,DT_FixedDrtn,RV_OK,TK_NotStart,Ms 130,UHT FINISH DATE,,0,0,0,0,0,0,0,0,0,0,,,,2012-03-17 16:00,2012-03-17 16:00,,2012-03-17 16:00,2012-03-17 16:00,2012-03-17 16:00,2012-03-17 16:00,2012-03-17 16:00,2012-03-17 16:00,,2012-03-17 16:00,2012-03-17 16:00,,PT_Normal,,,,,tAeCs94TSRaruTu/OV8vNQ,,,,Y,0,0,,,2011-10-18 11:38,2011-10-24 18:15,admin,admin
155,82581,923,10606,842,0,0,N,N,N,CP_Drtn,TT_FinMile,DT_FixedDrtn,RV_OK,TK_NotStart,Ms 200,Project completion & final handing over,,0,0,0,0,0,0,0,0,0,0,,,,2012-03-17 16:00,2012-03-17 16:00,,2012-03-17 16:00,2012-03-17 16:00,2012-03-17 16:00,2012-03-17 16:00,2012-03-17 16:00,2012-03-17 16:00,,2012-03-17 16:00,2012-03-17 16:00,,PT_Normal,,,,,bGv2VWidThS4UhXu7DP7vA,,,,Y,0,0,,,2011-10-18 11:38,2011-10-24 18:15,admin,admin
156,82582,923,10608,842,1,0,N,N,N,CP_Drtn,TT_Task,DT_FixedDrtn,RV_OK,TK_NotStart,SD 220,Shop Drawings submittal,,32,0,56,0,0,0,56,0,0,0,,,,2011-11-03 08:00,2011-11-17 16:00,,2011-10-30 08:00,2011-11-13 16:00,2011-10-30 08:00,2011-11-13 16:00,2011-10-30 08:00,2011-11-13 16:00,,2011-11-03 08:00,2011-11-17 16:00,,PT_Normal,,,,,6JI4TvM1R1mK6whTqIpeOQ,i8FZXkCYckmh4dS0eUXPTA,,,N,0,0,,,2011-10-18 11:38,2011-10-24 18:20,admin,admin
157,82583,923,10608,842,1,0,N,N,N,CP_Drtn,TT_Task,DT_FixedDUR2,RV_OK,TK_NotStart,SD 280,Shop Drawings Approval,,32,24,56,0,0,0,56,0,0,0,,,,2011-11-28 08:00,2011-12-05 16:00,,2011-11-22 08:00,2011-11-30 16:00,2011-11-22 08:00,2011-11-30 16:00,2011-11-22 08:00,2011-11-30 16:00,,2011-11-28 08:00,2011-12-05 16:00,,PT_Normal,,,,,kqwOo+bDQXKrmKvMkkW1tA,uFsE4ciLtEKE7b23FaSXkA,,,N,0,0,,,2011-10-18 11:38,2011-10-24 18:20,admin,admin
158,82584,923,10609,842,1,0,N,N,N,CP_Drtn,TT_Task,DT_FixedDUR2,RV_OK,TK_NotStart,SD 130,Shop Drawings submittal,,264,0,8,0,0,0,8,0,0,0,,,,2011-12-08 08:00,2011-12-08 16:00,,2011-10-23 08:00,2011-10-23 16:00,2011-10-23 08:00,2011-10-23 16:00,2011-10-23 08:00,2011-10-23 16:00,,2011-12-08 08:00,2011-12-08 16:00,,PT_Normal,,,,,0dVOxQVqTbKOkT6a7HPa4g,,,,N,0,0,,,2011-10-18 11:38,2011-10-24 18:15,admin,admin
159,82585,923,10609,842,1,0,N,N,N,CP_Drtn,TT_Task,DT_FixedDUR2,RV_OK,TK_NotStart,SD 190,Shop Drawings Approval,,264,0,8,0,0,0,8,0,0,0,,,,2011-12-25 08:00,2011-12-25 16:00,,2011-11-15 08:00,2011-11-15 16:00,2011-11-15 08:00,2011-11-15 16:00,2011-11-15 08:00,2011-11-15 16:00,,2011-12-25 08:00,2011-12-25 16:00,,PT_Normal,,,,,PtMRo+CeRregbZwONYMmhA,,,,N,0,0,,,2011-10-18 11:38,2011-10-24 18:15,admin,admin
160,82586,923,10610,842,1,0,N,N,N,CP_Drtn,TT_Task,DT_FixedDrtn,RV_OK,TK_NotStart,SD 260,Shop Drawings Approval,,8,0,80,0,0,0,80,0,0,0,,,,2011-11-23 08:00,2011-12-05 16:00,,2011-11-22 08:00,2011-12-04 16:00,2011-11-22 08:00,2011-12-04 16:00,2011-11-22 08:00,2011-12-04 16:00,,2011-11-23 08:00,2011-12-05 16:00,,PT_Normal,,,,,n/2xrfF0TQCrzRRszCUO9w,Hy6J4Rw8HEGeTclBys0xTg,,,N,0,0,,,2011-10-18 11:38,2011-10-24 18:20,admin,admin
161,82587,923,10610,842,1,0,N,N,N,CP_Drtn,TT_Task,DT_FixedDrtn,RV_OK,TK_NotStart,SD 200,Shop Drawings submittal,,8,0,80,0,0,0,80,0,0,0,,,,2011-10-31 08:00,2011-11-17 16:00,,2011-10-30 08:00,2011-11-16 16:00,2011-10-30 08:00,2011-11-16 16:00,2011-10-30 08:00,2011-11-16 16:00,,2011-10-31 08:00,2011-11-17 16:00,,PT_Normal,,,,,lfzQW33jTOqEkIvABXzGbw,,,,N,0,0,,,2011-10-18 11:38,2011-10-24 18:20,admin,admin
162,82588,923,10611,842,1,0,N,N,N,CP_Drtn,TT_Task,DT_FixedDrtn,RV_OK,TK_NotStart,SD 140,Shop Drawings submittal,,0,0,56,0,0,0,56,0,0,0,,,,2011-10-26 08:00,2011-11-02 16:00,,2011-10-26 08:00,2011-11-02 16:00,2011-10-26 08:00,2011-11-02 16:00,2011-10-26 08:00,2011-11-02 16:00,,2011-10-26 08:00,2011-11-02 16:00,,PT_Normal,,,,,nnhwO4HnSMGrB3aNVAZxTw,yuPzp0G0gUqazOYqnD9zNw,,,Y,0,0,,,2011-10-18 11:38,2011-10-24 15:49,admin,admin
163,82589,923,10611,842,1,0,N,N,N,CP_Drtn,TT_Task,DT_FixedDUR2,RV_OK,TK_NotStart,SD 240,Shop Drawings Approval,,0,0,56,0,0,0,56,0,0,0,,,,2011-11-19 08:00,2011-11-26 16:00,,2011-11-19 08:00,2011-11-26 16:00,2011-11-19 08:00,2011-11-26 16:00,2011-11-19 08:00,2011-11-26 16:00,,2011-11-19 08:00,2011-11-26 16:00,,PT_Normal,,,,,PhZ8qkBER7as4DPtrUvokw,Hy6J4Rw8HEGeTclBys0xTg,,,Y,0,0,,,2011-10-18 11:38,2011-10-24 15:49,admin,admin
164,82590,923,10612,842,1,0,N,N,N,CP_Drtn,TT_Task,DT_FixedDrtn,RV_OK,TK_NotStart,SD 160,Shop Drawings submittal,,104,0,56,0,0,0,56,0,0,0,,,,2011-11-15 08:00,2011-11-22 16:00,,2011-10-24 08:00,2011-10-31 16:00,2011-10-24 08:00,2011-10-31 16:00,2011-10-24 08:00,2011-10-31 16:00,,2011-11-15 08:00,2011-11-22 16:00,,PT_Normal,,,,,WXkTqUG2QrKMJIcxM5nvtQ,yuPzp0G0gUqazOYqnD9zNw,,,N,0,0,,,2011-10-18 11:38,2011-10-24 15:49,admin,admin
165,82591,923,10612,842,1,0,N,N,N,CP_Drtn,TT_Task,DT_FixedDUR2,RV_OK,TK_NotStart,SD 250,Shop Drawings Approval,,104,40,56,0,0,0,56,0,0,0,,,,2011-12-03 08:00,2011-12-10 16:00,,2011-11-16 08:00,2011-11-23 16:00,2011-11-16 08:00,2011-11-23 16:00,2011-11-16 08:00,2011-11-23 16:00,,2011-12-03 08:00,2011-12-10 16:00,,PT_Normal,,,,,tKR0pZKjRPK39pT3cA8Krg,Hy6J4Rw8HEGeTclBys0xTg,,,N,0,0,,,2011-10-18 11:38,2011-10-24 15:49,admin,admin
166,82592,923,10613,842,1,0,N,N,N,CP_Drtn,TT_Task,DT_FixedDrtn,RV_OK,TK_NotStart,SD 110,Shop Drawings submittal,,0,0,168,0,0,0,168,0,0,0,,,,2011-10-27 08:00,2011-11-28 16:00,,2011-10-27 08:00,2011-11-28 16:00,2011-10-27 08:00,2011-11-28 16:00,2011-10-27 08:00,2011-11-28 16:00,,2011-10-27 08:00,2011-11-28 16:00,,PT_Normal,,,,,5rItwd+rTBuW2/ck0ChqJA,yuPzp0G0gUqazOYqnD9zNw,,,Y,0,0,,,2011-10-18 11:38,2011-10-24 15:49,admin,admin
167,82593,923,10613,842,1,0,N,N,N,CP_Drtn,TT_Task,DT_FixedDrtn,RV_OK,TK_NotStart,SD 170,Shop Drawings Approval,,0,0,168,0,0,0,168,0,0,0,,,,2011-11-20 08:00,2011-12-14 16:00,,2011-11-20 08:00,2011-12-14 16:00,2011-11-20 08:00,2011-12-14 16:00,2011-11-20 08:00,2011-12-14 16:00,,2011-11-20 08:00,2011-12-14 16:00,,PT_Normal,,,,,BTdfYcGxRy+ZF7XS1pIVRA,Hy6J4Rw8HEGeTclBys0xTg,,,Y,0,0,,,2011-10-18 11:38,2011-10-24 15:49,admin,admin
168,82594,923,10614,842,0,0,N,N,N,CP_Drtn,TT_FinMile,DT_FixedDrtn,RV_OK,TK_NotStart,SD 300,As built submittal,,0,0,0,0,0,0,0,0,0,0,,,,2012-03-17 16:00,2012-03-17 16:00,,2012-03-17 16:00,2012-03-17 16:00,2012-03-17 16:00,2012-03-17 16:00,2012-03-17 16:00,2012-03-17 16:00,,2012-03-17 16:00,2012-03-17 16:00,,PT_Normal,,,,,rkBHef3jRDKcz3PEn6MU1Q,,,,Y,0,0,,,2011-10-18 11:38,2011-10-24 18:15,admin,admin
169,82595,923,10615,842,1,0,N,N,N,CP_Drtn,TT_Task,DT_FixedDrtn,RV_OK,TK_NotStart,SD 100,Shop Drawings submittal,,0,0,48,0,0,0,48,0,0,0,,,,2011-10-03 08:00,2011-10-09 16:00,,2011-10-03 08:00,2011-10-09 16:00,2011-10-03 08:00,2011-10-09 16:00,2011-10-03 08:00,2011-10-09 16:00,,2011-10-03 08:00,2011-10-09 16:00,,PT_Normal,,,,,8NCkQXo0TkWY+u1Nl2TX2A,i8FZXkCYckmh4dS0eUXPTA,,,Y,0,0,,,2011-10-18 11:38,2011-10-24 15:49,admin,admin
170,82596,923,10615,842,1,0,N,N,N,CP_Drtn,TT_Task,DT_FixedDUR2,RV_OK,TK_NotStart,SD 150,Shop Drawings Approval,,0,0,48,0,0,0,48,0,0,0,,,,2011-10-19 08:00,2011-10-25 16:00,,2011-10-19 08:00,2011-10-25 16:00,2011-10-19 08:00,2011-10-25 16:00,2011-10-19 08:00,2011-10-25 16:00,,2011-10-19 08:00,2011-10-25 16:00,,PT_Normal,,,,,gQExUXAKRKWWnCigjORBYg,uFsE4ciLtEKE7b23FaSXkA,,,Y,0,0,,,2011-10-18 11:38,2011-10-24 15:49,admin,admin
171,82597,923,10616,842,1,0,N,N,N,CP_Drtn,TT_Task,DT_FixedDrtn,RV_OK,TK_NotStart,SD 120,Shop Drawings submittal,,0,0,48,0,0,0,48,0,0,0,,,,2011-10-11 08:00,2011-10-17 16:00,,2011-10-11 08:00,2011-10-17 16:00,2011-10-11 08:00,2011-10-17 16:00,2011-10-11 08:00,2011-10-17 16:00,,2011-10-11 08:00,2011-10-17 16:00,,PT_Normal,,,,,mbB0ZKMyRKeNh5+vwAXDTg,i8FZXkCYckmh4dS0eUXPTA,,,Y,0,0,,,2011-10-18 11:38,2011-10-24 15:49,admin,admin
172,82598,923,10616,842,1,0,N,N,N,CP_Drtn,TT_Task,DT_FixedDUR2,RV_OK,TK_NotStart,SD 180,Shop Drawings Approval,,0,0,48,0,0,0,48,0,0,0,,,,2011-10-27 08:00,2011-11-02 16:00,,2011-10-27 08:00,2011-11-02 16:00,2011-10-27 08:00,2011-11-02 16:00,2011-10-27 08:00,2011-11-02 16:00,,2011-10-27 08:00,2011-11-02 16:00,,PT_Normal,,,,,0/o1hKc2TS271/yG6X+Dtw,uFsE4ciLtEKE7b23FaSXkA,,,Y,0,0,,,2011-10-18 11:38,2011-10-24 15:49,admin,admin
173,82599,923,10617,842,1,0,N,N,N,CP_Drtn,TT_Task,DT_FixedDrtn,RV_OK,TK_NotStart,SD 210,Shop Drawings submittal,,32,0,56,0,0,0,56,0,0,0,,,,2011-11-03 08:00,2011-11-17 16:00,,2011-10-30 08:00,2011-11-13 16:00,2011-10-30 08:00,2011-11-13 16:00,2011-10-30 08:00,2011-11-13 16:00,,2011-11-03 08:00,2011-11-17 16:00,,PT_Normal,,,,,ys24RuD/RfWW5l/hjMTSww,i8FZXkCYckmh4dS0eUXPTA,,,N,0,0,,,2011-10-18 11:38,2011-10-24 18:20,admin,admin
174,82600,923,10617,842,1,0,N,N,N,CP_Drtn,TT_Task,DT_FixedDUR2,RV_OK,TK_NotStart,SD 270,Shop Drawings Approval,,32,24,56,0,0,0,56,0,0,0,,,,2011-11-28 08:00,2011-12-05 16:00,,2011-11-22 08:00,2011-11-30 16:00,2011-11-22 08:00,2011-11-30 16:00,2011-11-22 08:00,2011-11-30 16:00,,2011-11-28 08:00,2011-12-05 16:00,,PT_Normal,,,,,j2cJZqTgRs+XBqED4XmOYw,uFsE4ciLtEKE7b23FaSXkA,,,N,0,0,,,2011-10-18 11:38,2011-10-24 18:20,admin,admin
175,82601,923,10618,842,1,0,N,N,N,CP_Drtn,TT_Task,DT_FixedDrtn,RV_OK,TK_NotStart,SD 230,Shop Drawings submittal,,32,0,56,0,0,0,56,0,0,0,,,,2011-11-03 08:00,2011-11-17 16:00,,2011-10-30 08:00,2011-11-13 16:00,2011-10-30 08:00,2011-11-13 16:00,2011-10-30 08:00,2011-11-13 16:00,,2011-11-03 08:00,2011-11-17 16:00,,PT_Normal,,,,,hSXAh4G2SlmjxVn4/5Da/w,i8FZXkCYckmh4dS0eUXPTA,,,N,0,0,,,2011-10-18 11:38,2011-10-24 18:20,admin,admin
176,82602,923,10618,842,1,0,N,N,N,CP_Drtn,TT_Task,DT_FixedDUR2,RV_OK,TK_NotStart,SD 290,Shop Drawings Approval,,32,24,56,0,0,0,56,0,0,0,,,,2011-11-28 08:00,2011-12-05 16:00,,2011-11-22 08:00,2011-11-30 16:00,2011-11-22 08:00,2011-11-30 16:00,2011-11-22 08:00,2011-11-30 16:00,,2011-11-28 08:00,2011-12-05 16:00,,PT_Normal,,,,,3Tf2vQzhSn6HvcCUEpdOIw,uFsE4ciLtEKE7b23FaSXkA,,,N,0,0,,,2011-10-18 11:38,2011-10-24 18:20,admin,admin
177,82603,923,10606,842,1,0,N,N,N,CP_Drtn,TT_Task,DT_FixedDUR2,RV_OK,TK_NotStart,Ms 100,Letter of Acceptance,,0,0,0,0,0,0,0,0,0,0,,,,2011-09-15 16:00,2011-09-15 16:00,,2011-09-17 08:00,2011-09-17 08:00,2011-09-17 08:00,2011-09-17 08:00,2011-09-17 08:00,2011-09-17 08:00,,2011-09-15 16:00,2011-09-15 16:00,,PT_Normal,,,,,BblhIaNbbkG/OuRfsmnuMQ,,,,Y,0,0,,,2011-10-18 11:41,2011-10-23 15:32,admin,admin
178,82961,923,10591,842,0,0,N,N,N,CP_Drtn,TT_Mile,DT_FixedDrtn,RV_OK,TK_NotStart,DD150,Steel stairs Delivery on site,,104,0,0,0,0,0,0,0,0,0,,,,2012-03-06 08:00,2012-03-06 08:00,,2012-02-20 08:00,2012-02-20 08:00,2012-02-20 08:00,2012-02-20 08:00,2012-02-20 08:00,2012-02-20 08:00,,2012-03-06 08:00,2012-03-06 08:00,,PT_Normal,,,,,ymnsP3Km1EaKhTSO925i8Q,,,,N,0,0,,,2011-10-20 13:28,2011-10-24 18:15,admin,admin
179,82962,923,10602,842,1,0,N,N,N,CP_Drtn,TT_Task,DT_FixedDUR2,RV_OK,TK_NotStart,PET-Z1-AR-300,Roll up shutter doors erection,,16,16,80,0,0,0,80,0,0,0,,,,2012-03-06 08:00,2012-03-17 16:00,,2012-03-04 08:00,2012-03-14 16:00,2012-03-04 08:00,2012-03-14 16:00,2012-03-04 08:00,2012-03-14 16:00,,2012-03-06 08:00,2012-03-17 16:00,,PT_Normal,,,,,wTzhd+1CYkyEFdY+u2uwDw,,,,N,0,0,,,2011-10-20 13:36,2011-10-24 18:15,admin,admin
180,82963,923,10591,842,0,0,N,N,N,CP_Drtn,TT_Mile,DT_FixedDrtn,RV_OK,TK_NotStart,DD160,Roll up shutter doors delivery on site,,8,0,0,0,0,0,0,0,0,0,,,,2012-02-26 08:00,2012-02-26 08:00,,2012-02-25 08:00,2012-02-25 08:00,2012-02-25 08:00,2012-02-25 08:00,2012-02-25 08:00,2012-02-25 08:00,,2012-02-26 08:00,2012-02-26 08:00,,PT_Normal,,,,,1NgLJn5Ro0a4176KHWCsig,,,,N,0,0,,,2011-10-20 13:45,2011-10-24 18:20,admin,admin
181,82964,923,10598,842,1,0,N,N,N,CP_Drtn,TT_Task,DT_FixedDUR2,RV_OK,TK_NotStart,UHT 260,Guard bollard erection,,56,0,32,0,0,0,32,0,0,0,,,,2012-02-21 08:00,2012-02-25 16:00,,2012-02-13 08:00,2012-02-16 16:00,2012-02-13 08:00,2012-02-16 16:00,2012-02-13 08:00,2012-02-16 16:00,,2012-02-21 08:00,2012-02-25 16:00,,PT_Normal,,,,,H0nRV7ggu0ijAdPp3e9V+A,,,,N,0,0,,,2011-10-20 14:37,2011-10-24 18:15,admin,admin
182,82965,923,10595,842,1,0,N,N,N,CP_Drtn,TT_Task,DT_FixedDUR2,RV_OK,TK_NotStart,JP-A340,Guard bollard erection,,104,88,56,0,0,0,56,0,0,0,,,,2012-03-01 08:00,2012-03-08 16:00,,2012-02-15 08:00,2012-02-22 16:00,2012-02-15 08:00,2012-02-22 16:00,2012-02-15 08:00,2012-02-22 16:00,,2012-03-01 08:00,2012-03-08 16:00,,PT_Normal,,,,,ygcTKsyUZUyKI/SIwM9Eiw,,,,N,0,0,,,2011-10-20 14:42,2011-10-24 18:15,admin,admin
183,82966,923,10601,842,1,0,N,N,N,CP_Drtn,TT_Task,DT_FixedDUR2,RV_OK,TK_NotStart,PET-Z1-CC-350,Steel structure erection(bracings & tie rods),2280,112,0,120,0,30,30,120,0,0,0,,,,2012-01-30 08:00,2012-02-15 16:00,,2012-01-14 08:00,2012-01-30 16:00,2012-01-14 08:00,2012-01-30 16:00,2012-01-14 08:00,2012-01-30 16:00,,2012-01-30 08:00,2012-02-15 16:00,,PT_Normal,,,,,UJIHmC8PREGDOqzhr3ZthQ,,,,N,0,0,,,2011-10-20 14:49,2011-10-24 18:15,admin,admin
184,82967,923,10604,842,1,0,N,N,N,CP_Drtn,TT_Task,DT_FixedDUR2,RV_OK,TK_NotStart,PET-Z2-CC-290,Steel structure erection(bracings & tie rods),2280,128,120,120,0,30,30,120,0,0,0,,,,2012-02-08 08:00,2012-02-25 16:00,,2012-01-21 08:00,2012-02-06 16:00,2012-01-21 08:00,2012-02-06 16:00,2012-01-21 08:00,2012-02-06 16:00,,2012-02-08 08:00,2012-02-25 16:00,,PT_Normal,,,,,OUAoIthT6Ey58dovJq36aw,,,,N,0,0,,,2011-10-20 15:24,2011-10-24 18:15,admin,admin
185,82968,923,10594,842,1,0,N,N,N,CP_Drtn,TT_Task,DT_FixedDUR2,RV_OK,TK_NotStart,JP-C240,Concrete guard base,,192,144,80,0,0,0,80,0,0,0,,,,2012-02-25 08:00,2012-03-06 16:00,,2012-01-28 08:00,2012-02-07 16:00,2012-01-28 08:00,2012-02-07 16:00,2012-01-28 08:00,2012-02-07 16:00,,2012-02-25 08:00,2012-03-06 16:00,,PT_Normal,,,,,eFCC9+6WuUy8z/nXITJ1VQ,,,,N,0,0,,,2011-10-20 15:48,2011-10-24 18:15,admin,admin
186,82970,923,10601,842,1,0,N,N,N,CP_Drtn,TT_Task,DT_FixedDUR2,RV_OK,TK_NotStart,PET-Z1-CC-360,Galvanized steel gutters,,112,0,112,0,0,0,112,0,0,0,,,,2012-02-16 08:00,2012-03-03 16:00,,2012-01-31 08:00,2012-02-15 16:00,2012-01-31 08:00,2012-02-15 16:00,2012-01-31 08:00,2012-02-15 16:00,,2012-02-16 08:00,2012-03-03 16:00,,PT_Normal,,,,,H0poRLRj30mcYkbjuggo/Q,,,,N,0,0,,,2011-10-20 16:28,2011-10-24 18:15,admin,admin
187,82972,923,10605,842,1,0,N,N,N,CP_Drtn,TT_Task,DT_FixedDUR2,RV_OK,TK_NotStart,PET-Z2-AR-270,Dismantle sandwich panels& rain gutter,,16,8,24,0,0,0,24,0,0,0,,,,2012-03-08 08:00,2012-03-11 16:00,,2012-03-06 08:00,2012-03-08 16:00,2012-03-06 08:00,2012-03-08 16:00,2012-03-06 08:00,2012-03-08 16:00,,2012-03-08 08:00,2012-03-11 16:00,,PT_Normal,,,,,lTLAgNS6qU2O3w5EQp986A,,,,N,0,0,,,2011-10-23 12:23,2011-10-24 18:15,admin,admin
188,82973,923,10606,842,0,0,N,N,N,CP_Drtn,TT_Mile,DT_FixedDrtn,RV_OK,TK_NotStart,Ms 105,Site handing over,,0,0,0,0,0,0,0,0,0,0,,,,2011-09-17 08:00,2011-09-17 08:00,,2011-09-17 08:00,2011-09-17 08:00,2011-09-17 08:00,2011-09-17 08:00,2011-09-17 08:00,2011-09-17 08:00,,2011-09-17 08:00,2011-09-17 08:00,,PT_Normal,,,,,fZ/O2lWcVEGvRSzg2TVlQA,,,,Y,0,0,,,2011-10-23 13:48,2011-10-23 15:32,admin,admin
189,82974,923,10606,842,0,0,N,N,N,CP_Drtn,TT_Mile,DT_FixedDrtn,RV_OK,TK_NotStart,Ms 106,Contract agreement,,0,0,0,0,0,0,0,0,0,0,,,,2011-09-17 08:00,2011-09-17 08:00,,2011-09-17 08:00,2011-09-17 08:00,2011-09-17 08:00,2011-09-17 08:00,2011-09-17 08:00,2011-09-17 08:00,,2011-09-17 08:00,2011-09-17 08:00,,PT_Normal,,,,,M8po3egLTEaIN3cn6lvuxQ,,,,Y,0,0,,,2011-10-23 13:49,2011-10-23 15:32,admin,admin
190,82976,923,10606,842,0,0,N,N,N,CP_Drtn,TT_Mile,DT_FixedDrtn,RV_OK,TK_NotStart,Ms 107,Receive advanced payment,,0,0,0,0,0,0,0,0,0,0,,,,2011-09-17 08:00,2011-09-17 08:00,,2011-09-17 08:00,2011-09-17 08:00,2011-09-17 08:00,2011-09-17 08:00,2011-09-17 08:00,2011-09-17 08:00,,2011-09-17 08:00,2011-09-17 08:00,,PT_Normal,,,,,WIX1rI9sckyAHO1ooUinrg,,,,Y,0,0,,,2011-10-23 14:29,2011-10-23 15:32,admin,admin
191,82977,923,10602,842,1,0,N,N,N,CP_Drtn,TT_Task,DT_FixedDUR2,RV_OK,TK_NotStart,PET-Z1-AR-310,Corrugated sheet paintings(area1),,88,16,80,0,0,0,80,0,0,0,,,,2012-02-25 08:00,2012-03-06 16:00,,2012-02-12 08:00,2012-02-22 16:00,2012-02-12 08:00,2012-02-22 16:00,2012-02-12 08:00,2012-02-22 16:00,,2012-02-25 08:00,2012-03-06 16:00,,PT_Normal,,,,,xAZt2jdyz0iS/TVn0GogEw,,,,N,0,0,,,2011-10-23 14:42,2011-10-24 18:21,admin,admin
192,82978,923,10602,842,1,0,N,N,N,CP_Drtn,TT_Task,DT_FixedDUR2,RV_OK,TK_NotStart,PET-Z1-AR-320,Corrugated sheet paintings(area2),,104,0,80,0,0,0,80,0,0,0,,,,2012-02-15 08:00,2012-02-26 16:00,,2012-01-31 08:00,2012-02-11 16:00,2012-01-31 08:00,2012-02-11 16:00,2012-01-31 08:00,2012-02-11 16:00,,2012-02-15 08:00,2012-02-26 16:00,,PT_Normal,,,,,8M84QfIdjUW/dBKhUeLKUw,,,,N,0,0,,,2011-10-23 14:43,2011-10-24 18:15,admin,admin
193,82979,923,10606,842,1,0,N,N,N,CP_Drtn,TT_Task,DT_FixedDUR2,RV_OK,TK_NotStart,Ms 210,Dismantling all temporary facilities,,0,0,112,0,0,0,112,0,0,0,,,,2012-03-18 08:00,2012-04-02 16:00,,2012-03-18 08:00,2012-04-02 16:00,2012-03-18 08:00,2012-04-02 16:00,2012-03-18 08:00,2012-04-02 16:00,,2012-03-18 08:00,2012-04-02 16:00,,PT_Normal,,,,,w8p3IyGEr0ebA1osNZz4fg,,,,Y,0,0,,,2011-10-23 15:33,2011-10-24 18:15,admin,admin
194,82980,923,10606,842,1,0,N,N,N,CP_Drtn,TT_Task,DT_FixedDUR2,RV_OK,TK_NotStart,QA 001,Internal quality audit #1,,760,760,56,0,0,0,56,0,0,0,,,,2012-03-10 08:00,2012-03-17 16:00,,2011-11-19 08:00,2011-11-26 16:00,2011-11-19 08:00,2011-11-26 16:00,2011-11-19 08:00,2011-11-26 16:00,,2012-03-10 08:00,2012-03-17 16:00,,PT_Normal,,,,,vQv+bI0EIEaEEYLtQmVhwg,,,,N,0,0,,,2011-10-23 15:41,2011-10-24 18:20,admin,admin
195,82981,923,10606,842,1,0,N,N,N,CP_Drtn,TT_Task,DT_FixedDUR2,RV_OK,TK_NotStart,QA 002,Internal quality audit #2,,144,144,56,0,0,0,56,0,0,0,,,,2012-03-10 08:00,2012-03-17 16:00,,2012-02-18 08:00,2012-02-25 16:00,2012-02-18 08:00,2012-02-25 16:00,2012-02-18 08:00,2012-02-25 16:00,,2012-03-10 08:00,2012-03-17 16:00,,PT_Normal,,,,,kRYv/MjsVUabyLahphyLcg,,,,N,0,0,,,2011-10-23 15:41,2011-10-24 18:20,admin,admin
196,82994,923,10690,842,1,0,N,N,N,CP_Drtn,TT_Task,DT_FixedDUR2,RV_OK,TK_NotStart,MT-1080,Material submittal,,760,0,16,0,0,0,16,0,0,0,,,,2012-02-07 08:00,2012-02-08 16:00,,2011-10-11 08:00,2011-10-12 16:00,2011-10-11 08:00,2011-10-12 16:00,2011-10-11 08:00,2011-10-12 16:00,,2012-02-07 08:00,2012-02-08 16:00,,PT_Normal,,,,,Muzq1Pe6jUCrvWeDsHDDbg,662G0UBCtUiaPz4+4FsUvA,,,N,0,0,,,2011-10-23 16:13,2011-10-24 19:56,admin,admin
197,82995,923,10690,842,1,0,N,N,N,CP_Drtn,TT_Task,DT_FixedDUR2,RV_OK,TK_NotStart,MT-1190,Material approval,,760,752,16,0,0,0,16,0,0,0,,,,2012-02-23 08:00,2012-02-25 16:00,,2011-10-27 08:00,2011-10-29 16:00,2011-10-27 08:00,2011-10-29 16:00,2011-10-27 08:00,2011-10-29 16:00,,2012-02-23 08:00,2012-02-25 16:00,,PT_Normal,,,,,iIx63neXRUye+q/9yz5B8w,0V6RQ5FwLU6AhMOYYTMJyA,,,N,0,0,,,2011-10-23 16:13,2011-10-24 19:56,admin,admin
198,82998,923,10691,842,1,0,N,N,N,CP_Drtn,TT_Task,DT_FixedDUR2,RV_OK,TK_NotStart,MT-1030,Material submittal,,672,0,16,0,0,0,16,0,0,0,,,,2012-01-16 08:00,2012-01-17 16:00,,2011-10-02 08:00,2011-10-03 16:00,2011-10-02 08:00,2011-10-03 16:00,2011-10-02 08:00,2011-10-03 16:00,,2012-01-16 08:00,2012-01-17 16:00,,PT_Normal,,,,,TWgA69LaOUib4zdo+47MRQ,Muzq1Pe6jUCrvWeDsHDDbg,,,N,0,0,,,2011-10-23 16:15,2011-10-24 18:15,admin,admin
199,82999,923,10691,842,1,0,N,N,N,CP_Drtn,TT_Task,DT_FixedDUR2,RV_OK,TK_NotStart,MT-1140,Material approval,,672,608,16,0,0,0,16,0,0,0,,,,2012-02-01 08:00,2012-02-02 16:00,,2011-10-18 08:00,2011-10-19 16:00,2011-10-18 08:00,2011-10-19 16:00,2011-10-18 08:00,2011-10-19 16:00,,2012-02-01 08:00,2012-02-02 16:00,,PT_Normal,,,,,JVYuWWbYFkKKuGYkgoxYHw,iIx63neXRUye+q/9yz5B8w,,,N,0,0,,,2011-10-23 16:15,2011-10-24 18:15,admin,admin
200,83000,923,10683,842,1,0,N,N,N,CP_Drtn,TT_Task,DT_FixedDUR2,RV_OK,TK_NotStart,MT-1100,Material submittal,,616,0,16,0,0,0,16,0,0,0,,,,2012-01-22 08:00,2012-01-23 16:00,,2011-10-16 08:00,2011-10-17 16:00,2011-10-16 08:00,2011-10-17 16:00,2011-10-16 08:00,2011-10-17 16:00,,2012-01-22 08:00,2012-01-23 16:00,,PT_Normal,,,,,hpTqr+jPQ0CcaSrERHeyHw,Muzq1Pe6jUCrvWeDsHDDbg,,,N,0,0,,,2011-10-23 16:15,2011-10-24 18:15,admin,admin
201,83001,923,10683,842,1,0,N,N,N,CP_Drtn,TT_Task,DT_FixedDUR2,RV_OK,TK_NotStart,MT-1200,Material approval,,616,512,16,0,0,0,16,0,0,0,,,,2012-02-07 08:00,2012-02-08 16:00,,2011-11-01 08:00,2011-11-02 16:00,2011-11-01 08:00,2011-11-02 16:00,2011-11-01 08:00,2011-11-02 16:00,,2012-02-07 08:00,2012-02-08 16:00,,PT_Normal,,,,,hLruPLcamE6sFZPNAsBj5g,iIx63neXRUye+q/9yz5B8w,,,N,0,0,,,2011-10-23 16:15,2011-10-24 18:15,admin,admin
202,83002,923,10684,842,1,0,N,N,N,CP_Drtn,TT_Task,DT_FixedDUR2,RV_OK,TK_NotStart,MT-1110,Material submittal,,664,0,16,0,0,0,16,0,0,0,,,,2012-01-29 08:00,2012-01-30 16:00,,2011-10-16 08:00,2011-10-17 16:00,2011-10-16 08:00,2011-10-17 16:00,2011-10-16 08:00,2011-10-17 16:00,,2012-01-29 08:00,2012-01-30 16:00,,PT_Normal,,,,,upPqaeDRuUiOWZVZyLFpoQ,Muzq1Pe6jUCrvWeDsHDDbg,,,N,0,0,,,2011-10-23 16:15,2011-10-24 18:15,admin,admin
203,83003,923,10684,842,1,0,N,N,N,CP_Drtn,TT_Task,DT_FixedDUR2,RV_OK,TK_NotStart,MT-1210,Material approval,,664,552,16,0,0,0,16,0,0,0,,,,2012-02-14 08:00,2012-02-15 16:00,,2011-11-01 08:00,2011-11-02 16:00,2011-11-01 08:00,2011-11-02 16:00,2011-11-01 08:00,2011-11-02 16:00,,2012-02-14 08:00,2012-02-15 16:00,,PT_Normal,,,,,5lUvk2Tw4UuLn8XoKaHj+A,iIx63neXRUye+q/9yz5B8w,,,N,0,0,,,2011-10-23 16:15,2011-10-24 18:15,admin,admin
204,83004,923,10689,842,1,0,N,N,N,CP_Drtn,TT_Task,DT_FixedDUR2,RV_OK,TK_NotStart,MT-1020,Material submittal,,0,0,56,0,0,0,56,0,0,0,,,,2011-10-01 08:00,2011-10-08 16:00,,2011-10-01 08:00,2011-10-08 16:00,2011-10-01 08:00,2011-10-08 16:00,2011-10-01 08:00,2011-10-08 16:00,,2011-10-01 08:00,2011-10-08 16:00,,PT_Normal,,,,,56klihSav0qPjBHGy425CA,Muzq1Pe6jUCrvWeDsHDDbg,,,Y,0,0,,,2011-10-23 16:16,2011-10-24 15:49,admin,admin
205,83005,923,10689,842,1,0,N,N,N,CP_Drtn,TT_Task,DT_FixedDUR2,RV_OK,TK_NotStart,MT-1130,Material approval,,0,0,56,0,0,0,56,0,0,0,,,,2011-10-17 08:00,2011-10-24 16:00,,2011-10-17 08:00,2011-10-24 16:00,2011-10-17 08:00,2011-10-24 16:00,2011-10-17 08:00,2011-10-24 16:00,,2011-10-17 08:00,2011-10-24 16:00,,PT_Normal,,,,,ToTp+aAoSk+QxV00K5F/eg,iIx63neXRUye+q/9yz5B8w,,,Y,0,0,,,2011-10-23 16:16,2011-10-24 15:49,admin,admin
206,83006,923,10688,842,1,0,N,N,N,CP_Drtn,TT_Task,DT_FixedDUR2,RV_OK,TK_NotStart,MT-1050,Material submittal,,192,0,56,0,0,0,56,0,0,0,,,,2011-11-03 08:00,2011-11-17 16:00,,2011-10-06 08:00,2011-10-13 16:00,2011-10-06 08:00,2011-10-13 16:00,2011-10-06 08:00,2011-10-13 16:00,,2011-11-03 08:00,2011-11-17 16:00,,PT_Normal,,,,,grtxgsD6M0aEOVhuRC7ZIw,Muzq1Pe6jUCrvWeDsHDDbg,,,N,0,0,,,2011-10-23 16:16,2011-10-24 18:20,admin,admin
207,83007,923,10688,842,1,0,N,N,N,CP_Drtn,TT_Task,DT_FixedDUR2,RV_OK,TK_NotStart,MT-1160,Material approval,,192,184,56,0,0,0,56,0,0,0,,,,2011-11-28 08:00,2011-12-05 16:00,,2011-10-23 08:00,2011-10-30 16:00,2011-10-23 08:00,2011-10-30 16:00,2011-10-23 08:00,2011-10-30 16:00,,2011-11-28 08:00,2011-12-05 16:00,,PT_Normal,,,,,0a/YjL/Q2Em3LYn6kZewGA,iIx63neXRUye+q/9yz5B8w,,,N,0,0,,,2011-10-23 16:16,2011-10-24 18:20,admin,admin
208,83008,923,10687,842,1,0,N,N,N,CP_Drtn,TT_Task,DT_FixedDUR2,RV_OK,TK_NotStart,MT-1040,Material submittal,,72,0,16,0,0,0,16,0,0,0,,,,2011-10-12 08:00,2011-10-13 16:00,,2011-10-02 08:00,2011-10-03 16:00,2011-10-02 08:00,2011-10-03 16:00,2011-10-02 08:00,2011-10-03 16:00,,2011-10-12 08:00,2011-10-13 16:00,,PT_Normal,,,,,UEfHo3iAlkCwkrYzmO/1cw,Muzq1Pe6jUCrvWeDsHDDbg,,,N,0,0,,,2011-10-23 16:16,2011-10-24 18:20,admin,admin
209,83009,923,10687,842,1,0,N,N,N,CP_Drtn,TT_Task,DT_FixedDUR2,RV_OK,TK_NotStart,MT-1150,Material approval,,72,64,16,0,0,0,16,0,0,0,,,,2011-10-29 08:00,2011-10-30 16:00,,2011-10-18 08:00,2011-10-19 16:00,2011-10-18 08:00,2011-10-19 16:00,2011-10-18 08:00,2011-10-19 16:00,,2011-10-29 08:00,2011-10-30 16:00,,PT_Normal,,,,,o9tC44Nzj0OyOpCV/HI0pA,iIx63neXRUye+q/9yz5B8w,,,N,0,0,,,2011-10-23 16:16,2011-10-24 18:20,admin,admin
210,83010,923,10686,842,1,0,N,N,N,CP_Drtn,TT_Task,DT_FixedDUR2,RV_OK,TK_NotStart,MT-1060,Material submittal,,40,0,16,0,0,0,16,0,0,0,,,,2011-10-12 08:00,2011-10-13 16:00,,2011-10-06 08:00,2011-10-08 16:00,2011-10-06 08:00,2011-10-08 16:00,2011-10-06 08:00,2011-10-08 16:00,,2011-10-12 08:00,2011-10-13 16:00,,PT_Normal,,,,,W4ybCnm5F0iTh0ZSFUzMjw,Muzq1Pe6jUCrvWeDsHDDbg,,,N,0,0,,,2011-10-23 16:16,2011-10-24 18:20,admin,admin
211,83011,923,10686,842,1,0,N,N,N,CP_Drtn,TT_Task,DT_FixedDUR2,RV_OK,TK_NotStart,MT-1170,Material approval,,40,32,16,0,0,0,16,0,0,0,,,,2011-10-29 08:00,2011-10-30 16:00,,2011-10-23 08:00,2011-10-24 16:00,2011-10-23 08:00,2011-10-24 16:00,2011-10-23 08:00,2011-10-24 16:00,,2011-10-29 08:00,2011-10-30 16:00,,PT_Normal,,,,,9Xv2ReaMm0OoEL79T2pY4w,iIx63neXRUye+q/9yz5B8w,,,N,0,0,,,2011-10-23 16:16,2011-10-24 18:20,admin,admin
212,83012,923,10685,842,1,0,N,N,N,CP_Drtn,TT_Task,DT_FixedDUR2,RV_OK,TK_NotStart,MT-1000,Material submittal,,264,0,24,0,0,0,24,0,0,0,,,,2011-11-12 08:00,2011-11-14 16:00,,2011-09-27 08:00,2011-09-29 16:00,2011-09-27 08:00,2011-09-29 16:00,2011-09-27 08:00,2011-09-29 16:00,,2011-11-12 08:00,2011-11-14 16:00,,PT_Normal,,,,,SSTVBkBUZUqlOkhFxy9L7A,Muzq1Pe6jUCrvWeDsHDDbg,,,N,0,0,,,2011-10-23 16:16,2011-10-24 18:15,admin,admin
213,83013,923,10685,842,1,0,N,N,N,CP_Drtn,TT_Task,DT_FixedDUR2,RV_OK,TK_NotStart,MT-1090,Material approval,,264,0,24,0,0,0,24,0,0,0,,,,2011-11-29 08:00,2011-12-01 16:00,,2011-10-13 08:00,2011-10-16 16:00,2011-10-13 08:00,2011-10-16 16:00,2011-10-13 08:00,2011-10-16 16:00,,2011-11-29 08:00,2011-12-01 16:00,,PT_Normal,,,,,oVJEJJS5wU2cvTOhImpcZA,iIx63neXRUye+q/9yz5B8w,,,N,0,0,,,2011-10-23 16:16,2011-10-24 18:15,admin,admin
214,83014,923,10692,842,1,0,N,N,N,CP_Drtn,TT_Task,DT_FixedDUR2,RV_OK,TK_NotStart,MT-1070,Material submittal,,40,0,16,0,0,0,16,0,0,0,,,,2011-10-12 08:00,2011-10-13 16:00,,2011-10-06 08:00,2011-10-08 16:00,2011-10-06 08:00,2011-10-08 16:00,2011-10-06 08:00,2011-10-08 16:00,,2011-10-12 08:00,2011-10-13 16:00,,PT_Normal,,,,,ol//4D6b1UyzhF6f/ruz+Q,Muzq1Pe6jUCrvWeDsHDDbg,,,N,0,0,,,2011-10-23 16:50,2011-10-24 18:20,admin,admin
215,83015,923,10692,842,1,0,N,N,N,CP_Drtn,TT_Task,DT_FixedDUR2,RV_OK,TK_NotStart,MT-1180,Material approval,,40,32,16,0,0,0,16,0,0,0,,,,2011-10-29 08:00,2011-10-30 16:00,,2011-10-23 08:00,2011-10-24 16:00,2011-10-23 08:00,2011-10-24 16:00,2011-10-23 08:00,2011-10-24 16:00,,2011-10-29 08:00,2011-10-30 16:00,,PT_Normal,,,,,Z23eZ1jjNEazVfNt2mgBuA,iIx63neXRUye+q/9yz5B8w,,,N,0,0,,,2011-10-23 16:50,2011-10-24 18:20,admin,admin
216,83016,923,10693,842,1,0,N,N,N,CP_Drtn,TT_Task,DT_FixedDUR2,RV_OK,TK_NotStart,MT-1010,Material submittal,,88,0,16,0,0,0,16,0,0,0,,,,2011-10-12 08:00,2011-10-13 16:00,,2011-09-29 08:00,2011-10-01 16:00,2011-09-29 08:00,2011-10-01 16:00,2011-09-29 08:00,2011-10-01 16:00,,2011-10-12 08:00,2011-10-13 16:00,,PT_Normal,,,,,Img9BQQER0qT6d2EuR0kAg,TWgA69LaOUib4zdo+47MRQ,,,N,0,0,,,2011-10-23 16:52,2011-10-24 18:20,admin,admin
217,83017,923,10693,842,1,0,N,N,N,CP_Drtn,TT_Task,DT_FixedDUR2,RV_OK,TK_NotStart,MT-1120,Material approval,,88,80,16,0,0,0,16,0,0,0,,,,2011-10-29 08:00,2011-10-30 16:00,,2011-10-16 08:00,2011-10-17 16:00,2011-10-16 08:00,2011-10-17 16:00,2011-10-16 08:00,2011-10-17 16:00,,2011-10-29 08:00,2011-10-30 16:00,,PT_Normal,,,,,bKbWnHxsCUaS8ZhSwv/sSw,JVYuWWbYFkKKuGYkgoxYHw,,,N,0,0,,,2011-10-23 16:52,2011-10-24 18:20,admin,admin
218,83018,923,10605,842,1,0,N,N,N,CP_Drtn,TT_Task,DT_FixedDUR2,RV_OK,TK_NotStart,PET-Z2-AR-280,Erection of Roof Sandwich Panel(@level 21.85&22.75),,56,56,56,0,0,0,56,0,0,0,,,,2012-03-10 08:00,2012-03-17 16:00,,2012-03-01 08:00,2012-03-08 16:00,2012-03-01 08:00,2012-03-08 16:00,2012-03-01 08:00,2012-03-08 16:00,,2012-03-10 08:00,2012-03-17 16:00,,PT_Normal,,,,,cFotc6VTfkmSKjzHMF2A6w,,,,N,0,0,,,2011-10-23 20:13,2011-10-24 18:15,admin,admin
219,83019,923,10602,842,1,0,N,N,N,CP_Drtn,TT_Task,DT_FixedDUR2,RV_OK,TK_NotStart,PET-Z1-AR-330,Erection of Roof Sandwich Panel(@level 21.85&22.75),,64,64,56,0,0,0,56,0,0,0,,,,2012-03-10 08:00,2012-03-17 16:00,,2012-02-29 08:00,2012-03-07 16:00,2012-02-29 08:00,2012-03-07 16:00,2012-02-29 08:00,2012-03-07 16:00,,2012-03-10 08:00,2012-03-17 16:00,,PT_Normal,,,,,R5cpXhCq50GTE4S9h4samw,,,,N,0,0,,,2011-10-23 20:14,2011-10-24 18:15,admin,admin
220,83021,923,10602,842,1,0,N,N,N,CP_Drtn,TT_Task,DT_FixedDUR2,RV_OK,TK_NotStart,PET-Z1-AR-340,Folded steel sheets in pet corners,,112,112,56,0,0,0,56,0,0,0,,,,2012-03-10 08:00,2012-03-17 16:00,,2012-02-22 08:00,2012-02-29 16:00,2012-02-22 08:00,2012-02-29 16:00,2012-02-22 08:00,2012-02-29 16:00,,2012-03-10 08:00,2012-03-17 16:00,,PT_Normal,,,,,Qzv37WfrpUCYoTM4DF+JIg,,,,N,0,0,,,2011-10-24 12:20,2011-10-24 18:15,admin,admin
221,83023,923,10605,842,1,0,N,N,N,CP_Drtn,TT_Task,DT_FixedDUR2,RV_OK,TK_NotStart,PET-Z2-AR-290,Piping for drainage system(between old&new pet building),,72,0,80,0,0,0,80,0,0,0,,,,2012-01-31 08:00,2012-02-11 16:00,,2012-01-21 08:00,2012-01-31 16:00,2012-01-21 08:00,2012-01-31 16:00,2012-01-21 08:00,2012-01-31 16:00,,2012-01-31 08:00,2012-02-11 16:00,,PT_Normal,,,,,9pjMrulD9keBXtLdXTHeJA,,,,N,0,0,,,2011-10-24 12:40,2011-10-24 18:15,admin,admin
222,83024,923,10605,842,1,0,N,N,N,CP_Drtn,TT_Task,DT_FixedDUR2,RV_OK,TK_NotStart,PET-Z2-AR-300,Floor clean-outs,,72,64,40,0,0,0,40,0,0,0,,,,2012-02-12 08:00,2012-02-16 16:00,,2012-02-01 08:00,2012-02-06 16:00,2012-02-01 08:00,2012-02-06 16:00,2012-02-01 08:00,2012-02-06 16:00,,2012-02-12 08:00,2012-02-16 16:00,,PT_Normal,,,,,C4YJDNbAGUK/gxi/MOkUnw,,,,N,0,0,,,2011-10-24 12:40,2011-10-24 18:15,admin,admin
223,83025,923,10602,842,1,0,N,N,N,CP_Drtn,TT_Task,DT_FixedDUR2,RV_OK,TK_NotStart,PET-Z1-AR-350,Stainless steel doors erection,,16,16,80,0,0,0,80,0,0,0,,,,2012-03-06 08:00,2012-03-17 16:00,,2012-03-04 08:00,2012-03-15 08:00,2012-03-04 08:00,2012-03-15 08:00,2012-03-04 08:00,2012-03-15 08:00,,2012-03-06 08:00,2012-03-17 16:00,,PT_Normal,,,,,rG05bJl6MEqZ+nHi0fwrWw,,,,N,0,0,,,2011-10-24 13:03,2011-10-24 18:15,admin,admin
224,83027,923,10605,842,1,0,N,N,N,CP_Drtn,TT_Task,DT_FixedDUR2,RV_OK,TK_NotStart,PET-Z2-AR-310,Stainless steel doors erection,,56,48,80,0,0,0,80,0,0,0,,,,2012-03-04 08:00,2012-03-14 16:00,,2012-02-25 08:00,2012-03-06 16:00,2012-02-25 08:00,2012-03-06 16:00,2012-02-25 08:00,2012-03-06 16:00,,2012-03-04 08:00,2012-03-14 16:00,,PT_Normal,,,,,meUTq1Pu+EudWhKPWA+rxw,,,,N,0,0,,,2011-10-24 13:15,2011-10-24 18:15,admin,admin
225,83028,923,10605,842,1,0,N,N,N,CP_Drtn,TT_Task,DT_FixedDUR2,RV_OK,TK_NotStart,PET-Z2-AR-320,Roll up shutter doors erection,,8,0,80,0,0,0,80,0,0,0,,,,2012-02-26 08:00,2012-03-07 16:00,,2012-02-25 08:00,2012-03-06 16:00,2012-02-25 08:00,2012-03-06 16:00,2012-02-25 08:00,2012-03-06 16:00,,2012-02-26 08:00,2012-03-07 16:00,,PT_Normal,,,,,xAyp0demv0C379lJ7eoGlQ,,,,N,0,0,,,2011-10-24 13:16,2011-10-24 18:20,admin,admin
226,83030,923,10598,842,1,0,N,N,N,CP_Drtn,TT_Task,DT_FixedDUR2,RV_OK,TK_NotStart,UHT 270,Over head sectional Door erection,,56,0,24,0,0,0,24,0,0,0,,,,2012-02-26 08:00,2012-02-28 16:00,,2012-02-18 08:00,2012-02-20 16:00,2012-02-18 08:00,2012-02-20 16:00,2012-02-18 08:00,2012-02-20 16:00,,2012-02-26 08:00,2012-02-28 16:00,,PT_Normal,,,,,u4rNuglHQE6noWc8QVMgrw,HqckL1yxQQ6p/+OMagy7/w,,,N,0,0,,,2011-10-24 14:32,2011-10-24 18:15,admin,admin
227,83031,923,10595,842,1,0,N,N,N,CP_Drtn,TT_Rsrc,DT_FixedDUR2,RV_OK,TK_NotStart,JP-A350,Over head sectional Door erection,,64,0,96,0,0,0,96,0,0,0,,,,2012-02-22 08:00,2012-03-06 16:00,,2012-02-13 08:00,2012-02-26 16:00,2012-02-13 08:00,2012-02-26 16:00,2012-02-13 08:00,2012-02-26 16:00,,2012-02-22 08:00,2012-03-06 16:00,,PT_Normal,,,,,J7k7BNG5B0qRFUE0qGnRbA,lNDsS8LdSh+FFX08rV+eHg,,,N,0,0,,,2011-10-24 14:36,2011-10-24 18:15,admin,admin
228,83232,923,10591,842,0,0,N,N,N,CP_Drtn,TT_Mile,DT_FixedDrtn,RV_OK,TK_NotStart,DD170,Guard bollard delivery on site,,88,32,0,0,0,0,0,0,0,0,,,,2012-02-21 08:00,2012-02-21 08:00,,2012-02-08 08:00,2012-02-08 08:00,2012-02-08 08:00,2012-02-08 08:00,2012-02-08 08:00,2012-02-08 08:00,,2012-02-21 08:00,2012-02-21 08:00,,PT_Normal,,,,,BTZfaLcieU+Qi0hwZtX2Uw,,,,N,0,0,,,2011-10-24 19:13,2011-10-24 19:18,admin,admin
229,83233,923,10590,842,0,0,N,N,N,CP_Drtn,TT_Mile,DT_FixedDrtn,RV_OK,TK_NotStart,PO 150,Guard bollard purchase order,,88,0,0,0,0,0,0,0,0,0,,,,2011-10-31 08:00,2011-10-31 08:00,,2011-10-18 08:00,2011-10-18 08:00,2011-10-18 08:00,2011-10-18 08:00,2011-10-18 08:00,2011-10-18 08:00,,2011-10-31 08:00,2011-10-31 08:00,,PT_Normal,,,,,eUsxSNC5bkujCU2E21buVQ,,,,N,0,0,,,2011-10-24 19:14,2011-10-24 19:18,admin,admin
230,83234,923,10605,842,1,0,N,N,N,CP_Drtn,TT_Task,DT_FixedDUR2,RV_OK,TK_NotStart,PET-Z2-AR-330,Galvanized steel flashing&pur foam,,8,0,80,0,0,0,80,0,0,0,,,,2012-02-26 08:00,2012-03-07 16:00,,2012-02-25 08:00,2012-03-06 16:00,2012-02-25 08:00,2012-03-06 16:00,2012-02-25 08:00,2012-03-06 16:00,,2012-02-26 08:00,2012-03-07 16:00,,PT_Normal,,,,,8hTd3u1PnEOJ3KBm4mgAiQ,,,,N,0,0,,,2011-10-24 19:36,2011-10-24 19:55,admin,admin
