,wbs_id,proj_id,obs_id,seq_num,est_wt,proj_node_flag,sum_data_flag,status_code,wbs_short_name,wbs_name,phase_id,parent_wbs_id,ev_user_pct,ev_etc_user_value,orig_cost,indep_remain_total_cost,ann_dscnt_rate_pct,dscnt_period_type,indep_remain_work_qty,anticip_start_date,anticip_end_date,ev_compute_type,ev_etc_compute_type,guid,tmpl_guid,plan_open_state
0,23790,5725,565,403,1,Y,N,WS_Closed,4229 update2-6-12&pj,"4229-420, Hilal development project&pj",,10171,20,0.88,0.00,0.00,,,,,,EC_Cmp_pct,EE_PF_1,QrjYlVx9JUuhcvNOcrhF/g,,
1,23791,5725,565,100,1,N,N,WS_Closed,3,Procurement,,23790,20,0.88,0.00,0.00,,,,,,EC_Cmp_pct,EE_PF_1,6jT/rBd90EmG517/eyG3Hw,PGpkZCa8T9C0ccH4WHgz0w,
2,23792,5725,565,1,1,N,N,WS_Closed,7,General activities,,23790,20,0.88,0.00,0.00,,,,,,EC_Cmp_pct,EE_PF_1,wRRhhIItNki1MKN/odhmNw,,
3,23793,5725,565,0,1,N,N,WS_Closed,1,General Milestones,,23790,20,0.88,0.00,0.00,,,,,,EC_Cmp_pct,EE_PF_1,GBzijsPg1kuUqge5iVJAyQ,v7ZikM1oS5ul6ds2bfHN9Q,
4,23794,5725,565,9,1,N,N,WS_Closed,2,Engineering,,23790,20,0.88,0.00,0.00,,,,,,EC_Cmp_pct,EE_PF_1,fMGruTygHU6BavV5WpCgUQ,vMMCD6BXRSymihmqCMUzMQ,
5,23795,5725,565,500,1,N,N,WS_Closed,6,(New WBS),,23790,20,0.88,0.00,0.00,,,,,,EC_Cmp_pct,EE_PF_1,M5e9zKRcBUa/KikCy7DZRQ,LPkOqkjTaE+yBT0BKHb0jw,
6,23796,5725,565,301,1,N,N,WS_Closed,4,Construction supervision,,23790,20,0.88,0.00,0.00,,,,,,EC_Cmp_pct,EE_PF_1,lLEDymU7kkCMmeWzGVtVjA,jymUS6zgQSqFs/fwKnygfg,
7,23797,5725,565,400,1,N,N,WS_Closed,5,Pre-commissioning & Commissioning,,23790,20,0.88,0.00,0.00,,,,,,EC_Cmp_pct,EE_PF_1,4ZM42s45cUGfx+qM0iAsHQ,epNFFh+CRIyQOyeE3ZV+8w,
8,23798,5725,565,100,1,N,N,WS_Open,Master Rev.F-N-4,Hillal-B PLATFORM DEVELOPMENT-Normal,,23790,4,0.88,0.00,0.00,,,,,,EC_Cmp_pct,EE_Rem_hr,1tlpn2f+y0m71wv67R9dTg,,
9,23799,5725,565,1201,1,N,N,WS_Closed,19,Safe guard system,,23791,20,0.88,0.00,0.00,,,,,,EC_Cmp_pct,EE_PF_1,Dm78tb0sIkWH8L4abfU1jw,,
10,23800,5725,565,1601,1,N,N,WS_Closed,20,Pressure Vessels,,23791,20,0.88,0.00,0.00,,,,,,EC_Cmp_pct,EE_PF_1,Uf4uCtY290y1oWmJTwJxJg,,
11,23801,5725,565,2208,1,N,N,WS_Closed,25,Kamos ring,,23791,20,0.88,0.00,0.00,,,,,,EC_Cmp_pct,EE_PF_1,1k8Du0lrVEiZiNy6nwLjPw,,
12,23802,5725,565,2205,1,N,N,WS_Closed,26,Anchor flanges,,23791,20,0.88,0.00,0.00,,,,,,EC_Cmp_pct,EE_PF_1,E+pyHOkrEEeyq5qLX3Ou6g,,
13,23803,5725,565,1602,1,N,N,WS_Closed,21,Open drain Tanks (Cancelled),,23791,20,0.88,0.00,0.00,,,,,,EC_Cmp_pct,EE_PF_1,H3kxsP0lEUuM8Ixh67b7sg,,
14,23804,5725,565,2201,1,N,N,WS_Closed,5,"8""""pipeline",,23791,20,0.88,0.00,0.00,,,,,,EC_Cmp_pct,EE_PF_1,xBjjwGHG70ClDIXpyRGiqg,,
15,23805,5725,565,2102,1,N,N,WS_Closed,24,"18"""" pipeline",,23791,20,0.88,0.00,0.00,,,,,,EC_Cmp_pct,EE_PF_1,Xtycxao8dUeFiiVuXfb6JQ,,
16,23806,5725,565,2203,1,N,N,WS_Closed,30,Hot bends,,23791,20,0.88,0.00,0.00,,,,,,EC_Cmp_pct,EE_PF_1,UF8Ftb0tt0C+250k5EK7CA,,
17,23807,5725,565,101,1,N,N,WS_Closed,13,Fire & gas detectors,,23791,20,0.88,0.00,0.00,,,,,,EC_Cmp_pct,EE_PF_1,3yYfsZbJs0CL3SA81kzNNg,1TuzSlyhxk2IFpSoSix+cA,
18,23808,5725,565,2206,1,N,N,WS_Closed,27,Isolating joints,,23791,20,0.88,0.00,0.00,,,,,,EC_Cmp_pct,EE_PF_1,TddnZYLbRUCRJrifrI0F+g,,
19,23809,5725,565,2207,1,N,N,WS_Closed,28,Heat shrink sleeves,,23791,20,0.88,0.00,0.00,,,,,,EC_Cmp_pct,EE_PF_1,7MojEPbXQ0KBWWxt3k9Xdg,,
20,23810,5725,565,2204,1,N,N,WS_Closed,29,Flanges,,23791,20,0.88,0.00,0.00,,,,,,EC_Cmp_pct,EE_PF_1,3dYimDVRT0+33vgtIDWR9w,,
21,23811,5725,565,2101,1,N,N,WS_Closed,33,Progress cavity pump,,23791,20,0.88,0.00,0.00,,,,,,EC_Cmp_pct,EE_PF_1,GccsxazCIUinxr+avfdh1g,,
22,23812,5725,565,1101,1,N,N,WS_Closed,34,Additonal shutdown valves,,23791,20,0.88,0.00,0.00,,,,,,EC_Cmp_pct,EE_PF_1,QvVdgCQkDEazPLGcG4Fr/Q,,
23,23813,5725,565,207,1,N,N,WS_Closed,35,Additional piping bulk,,23791,20,0.88,0.00,0.00,,,,,,EC_Cmp_pct,EE_PF_1,+ESocmGVoUGZ0wpkMxZcDA,,
24,23814,5725,565,101,1,N,N,WS_Closed,22,Pressure safety valves,,23791,20,0.88,0.00,0.00,,,,,,EC_Cmp_pct,EE_PF_1,bZUgZnkp+EqczIfJeDWAXw,,
25,23815,5725,565,1001,1,N,N,WS_Closed,23,shutdown valves,,23791,20,0.88,0.00,0.00,,,,,,EC_Cmp_pct,EE_PF_1,SxyC4yIIKEOrMKnW+p+/Ig,,
26,23816,5725,565,205,1,N,N,WS_Closed,7,Piping Bulk,,23791,20,0.88,0.00,0.00,,,,,,EC_Cmp_pct,EE_PF_1,HN/cCscHLUKgzYwOx5Huiw,,
27,23817,5725,565,208,1,N,N,WS_Closed,8,"Piping Gate,Globe & Butterfly valves",,23791,20,0.88,0.00,0.00,,,,,,EC_Cmp_pct,EE_PF_1,X1dPddfXZ02OzeNTowPMxg,,
28,23818,5725,565,1204,1,N,N,WS_Closed,9,Solar power unit,,23791,20,0.88,0.00,0.00,,,,,,EC_Cmp_pct,EE_PF_1,kfTf7c3uX0GGc6eOeaZtJA,,
29,23819,5725,565,301,1,N,N,WS_Closed,32,Piping Ball Valves,,23791,20,0.88,0.00,0.00,,,,,,EC_Cmp_pct,EE_PF_1,WmvuiD3thkCX+LImTL3BWg,,
30,23820,5725,565,1401,1,N,N,WS_Closed,11,Electrical bulk,,23791,20,0.88,0.00,0.00,,,,,,EC_Cmp_pct,EE_PF_1,StmNySF7RkmxzPeZrfWY9A,,
31,23821,5725,565,501,1,N,N,WS_Closed,12,Instrument electrical bulk,,23791,20,0.88,0.00,0.00,,,,,,EC_Cmp_pct,EE_PF_1,hVoJ5lGJOUWwelWJO6Dp7w,,
32,23822,5725,565,701,1,N,N,WS_Closed,14,Instrument mechanical bulk,,23791,20,0.88,0.00,0.00,,,,,,EC_Cmp_pct,EE_PF_1,Sm2AB9n00UKi0PVzA3p+kw,,
33,23823,5725,565,801,1,N,N,WS_Closed,15,Field instrument,,23791,20,0.88,0.00,0.00,,,,,,EC_Cmp_pct,EE_PF_1,erugaTFLo0es02GbWQKkyQ,,
34,23824,5725,565,901,1,N,N,WS_Closed,16,Choke valves,,23791,20,0.88,0.00,0.00,,,,,,EC_Cmp_pct,EE_PF_1,xPym0Uf7QE2hQnzVnfPisw,,
35,23825,5725,565,902,1,N,N,WS_Closed,17,Pressure regulator valves,,23791,20,0.88,0.00,0.00,,,,,,EC_Cmp_pct,EE_PF_1,eqTdRklXykuEyd/6pVrrKQ,,
36,23826,5725,565,101,1,N,N,WS_Closed,6,Chemical injection PKG,,23791,20,0.88,0.00,0.00,,,,,,EC_Cmp_pct,EE_PF_1,QeuNuzwsMUCAVp4WdCZuOg,,
37,23827,5725,565,202,1,N,N,WS_Closed,31,Life saving equipment (Cancelled),,23791,20,0.88,0.00,0.00,,,,,,EC_Cmp_pct,EE_PF_1,2GvMDvTLgkKfM6uyu7qZww,ACieVgezbU+bO33DA/LZmQ,
38,23828,5725,565,1501,1,N,N,WS_Closed,1,Cathodic protection,,23791,20,0.88,0.00,0.00,,,,,,EC_Cmp_pct,EE_PF_1,MrnZOU/2O0q9TKSa7o+qkg,,
39,23829,5725,565,101,1,N,N,WS_Closed,3,Fire fighting system,,23791,20,0.88,0.00,0.00,,,,,,EC_Cmp_pct,EE_PF_1,66rZEsKFUkilP3gjAQ0K5w,,
40,23830,5725,565,401,1,N,N,WS_Closed,2,Launcher & Receiver traps,,23791,20,0.88,0.00,0.00,,,,,,EC_Cmp_pct,EE_PF_1,M1PSKfPCl0ekjYFEMALFLQ,,
41,23831,5725,565,1203,1,N,N,WS_Closed,4,Radar System,,23791,20,0.88,0.00,0.00,,,,,,EC_Cmp_pct,EE_PF_1,uZWlb6ysgU2/4B1PROcelg,,
42,23832,5725,565,1102,1,N,N,WS_Closed,18,Multiphase flowmeter,,23791,20,0.88,0.00,0.00,,,,,,EC_Cmp_pct,EE_PF_1,OaTUCRa7SkqOfh0JABY6MA,,
43,23833,5725,565,201,1,N,N,WS_Closed,10,Loss prevention,,23794,20,0.88,0.00,0.00,,,,,,EC_Cmp_pct,EE_PF_1,hJtAMvUsFk6FS5K5uJpcAA,,
44,23834,5725,565,702,1,N,N,WS_Closed,7,Pipeline,,23794,20,0.88,0.00,0.00,,,,,,EC_Cmp_pct,EE_PF_1,TePzJX0W2EG+yW3kKAz6ew,gJkBS5LjQXCoenzae/uB9g,
45,23835,5725,565,501,1,N,N,WS_Closed,6,Instrument,,23794,20,0.88,0.00,0.00,,,,,,EC_Cmp_pct,EE_PF_1,v6v+QaSuB0OdLUR62Cvh/g,f/HyX0VFQtCPEXcjpqcy4Q,
46,23836,5725,565,402,1,N,N,WS_Closed,5,Electrical,,23794,20,0.88,0.00,0.00,,,,,,EC_Cmp_pct,EE_PF_1,blXx7ojLL0qIQicrRFGrAw,nZswGiv0QYG0KrhpkvfFgQ,
47,23837,5725,565,202,1,N,N,WS_Closed,2,Piping,,23794,20,0.88,0.00,0.00,,,,,,EC_Cmp_pct,EE_PF_1,GYUYWdx0bUuGdbqg429bqg,uPlbOcEBRaijD0QXoElPsA,
48,23838,5725,565,1301,1,N,N,WS_Closed,10,Navigation aids,,23791,20,0.88,0.00,0.00,,,,,,EC_Cmp_pct,EE_PF_1,98JdwMGK7EmaYKduZgyEFQ,,
49,23839,5725,565,701,1,N,N,WS_Closed,4,Offshore,,23794,20,0.88,0.00,0.00,,,,,,EC_Cmp_pct,EE_PF_1,vj37zgayg02e/tYL7rPfaw,9OHXEYKiQQaeKwBmlDCpkg,
50,23840,5725,565,301,1,N,N,WS_Closed,3,Mechanical,,23794,20,0.88,0.00,0.00,,,,,,EC_Cmp_pct,EE_PF_1,44bB2+pzbUOoZL45NcLVOw,ZvpMUe3/StadQM3PBVdsbg,
51,23841,5725,565,601,1,N,N,WS_Closed,9,Telecommunication,,23794,20,0.88,0.00,0.00,,,,,,EC_Cmp_pct,EE_PF_1,W0GvyZs7VkSNBUwox7Dj/A,,
52,23842,5725,565,401,1,N,N,WS_Closed,8,Pressure vessels,,23794,20,0.88,0.00,0.00,,,,,,EC_Cmp_pct,EE_PF_1,1+QgXn03BE+20L+fBR4QeA,,
53,23843,5725,565,0,1,N,N,WS_Closed,5,L/O & Sea Fastening,,23793,4,0.88,0.00,0.00,,,,,,EC_Cmp_pct,EE_Rem_hr,v1oySm65Qka/7+FnztLD0Q,BVmNyjU+SE+hYPuLJJKSxA,
54,23844,5725,565,100,1,N,N,WS_Open,Master Rev.F-N-4,Hillal-B PLATFORM DEVELOPMENT-Normal,,23798,4,0.88,0.00,0.00,,,,,,EC_Cmp_pct,EE_Rem_hr,odABQst/DkOODG5WunMcWQ,,
55,23845,5725,565,6,1,N,N,WS_Open,4,Fabrication,,23798,4,0.88,0.00,0.00,,,,,,EC_Cmp_pct,EE_Rem_hr,gMTycevBHk+jbmuAknVbfg,,
56,23846,5725,565,4,1,N,N,WS_Open,3,Procurment,,23798,4,0.88,0.00,0.00,,,,,,EC_Cmp_pct,EE_Rem_hr,Q5/jGs5YaEqG3Ulm85NkIQ,,
57,23847,5725,565,2,1,N,N,WS_Open,2,Engineering,,23798,4,0.88,0.00,0.00,,,,,,EC_Cmp_pct,EE_Rem_hr,qtySThv5VU2zOSlhHD6Khw,,
58,23848,5725,565,7,1,N,N,WS_Open,5,L/O & Sea Fastening,,23798,4,0.88,0.00,0.00,,,,,,EC_Cmp_pct,EE_Rem_hr,Vbsl2AFNE0qxTnxeNwOj2w,,
59,23849,5725,565,5,1,N,N,WS_Open,6,Pre-Fabrication,,23798,4,0.88,0.00,0.00,,,,,,EC_Cmp_pct,EE_Rem_hr,kLEjzmtjwEilot5H1vX25Q,,
60,23850,5725,565,101,1,N,N,WS_Closed,1,Process,,23794,20,0.88,0.00,0.00,,,,,,EC_Cmp_pct,EE_PF_1,U0MFQfjWcEGqkFsi+y7r8g,vzXoB2UASsCP1FI25LHYOw,
61,23851,5725,565,0,1,N,N,WS_Open,1,General Milestone,,23798,4,0.88,0.00,0.00,,,,,,EC_Cmp_pct,EE_Rem_hr,rOEkj3fD4kuuwxmlAK1VuQ,,
62,23852,5725,565,2,1,N,N,WS_Closed,3,MRQ's,,23833,20,0.88,0.00,0.00,,,,,,EC_Cmp_pct,EE_PF_1,qSonbfyXv0KkFAh8iwA4wQ,72qU2yo9mEOfoDl8nK18Zg,
63,23853,5725,565,203,1,N,N,WS_Closed,1,Drawing/ lists,,23837,20,0.88,0.00,0.00,,,,,,EC_Cmp_pct,EE_PF_1,BJjO87gM1k6EF4DnoJJ5kQ,,
64,23854,5725,565,2,1,N,N,WS_Closed,3,MRQ's / specifications,,23840,20,0.88,0.00,0.00,,,,,,EC_Cmp_pct,EE_PF_1,+6RuBihUCE6VZv/0vZR3Ew,72qU2yo9mEOfoDl8nK18Zg,
65,23855,5725,565,303,1,N,N,WS_Closed,3,Reports,,23837,20,0.88,0.00,0.00,,,,,,EC_Cmp_pct,EE_PF_1,MY0Y1Lc6hUC+dD0yCCicpQ,,
66,23856,5725,565,102,1,N,N,WS_Closed,1,Drawings /lists,,23850,20,0.88,0.00,0.00,,,,,,EC_Cmp_pct,EE_PF_1,zOfmHrX/XE2qhTFgboyP+g,,
67,23857,5725,565,0,1,N,N,WS_Closed,1,Drawings /lists,,23840,20,0.88,0.00,0.00,,,,,,EC_Cmp_pct,EE_PF_1,rTYyKm44I0GnF+WYfRlL/Q,XhWKy89850KkbMlqdRX4zg,
68,23858,5725,565,2,1,N,N,WS_Closed,2,Reports,,23839,20,0.88,0.00,0.00,,,,,,EC_Cmp_pct,EE_PF_1,XUM9mdl3gEWCQiZmwyzy4A,oJuYft3iV0q53qh6DQXrPA,
69,23859,5725,565,3,1,N,N,WS_Closed,3,Specifications / MTO's,,23839,20,0.88,0.00,0.00,,,,,,EC_Cmp_pct,EE_PF_1,CrfGOkAlJU+GLPEauk+TOQ,i/uK2JDEKkSKwiDSfdDxqA,
70,23860,5725,565,1,1,N,N,WS_Closed,2,Reports,,23833,20,0.88,0.00,0.00,,,,,,EC_Cmp_pct,EE_PF_1,EES2+dtS2Ee4eMcmv3+RYg,kvUNCAcyw0eO4fR2MhyyhA,
71,23861,5725,565,103,1,N,N,WS_Closed,4,Additonal studies,,23839,20,0.88,0.00,0.00,,,,,,EC_Cmp_pct,EE_PF_1,lSLdKpBxlEmz42hhjxAP7A,,
72,23862,5725,565,1,1,N,N,WS_Closed,2,Reports,,23836,20,0.88,0.00,0.00,,,,,,EC_Cmp_pct,EE_PF_1,6BCcRX0cmES5zjl25tymeA,1LTecf2CUE2Q7oen4GKRzg,
73,23863,5725,565,2,1,N,N,WS_Closed,3,MRQ's,,23836,20,0.88,0.00,0.00,,,,,,EC_Cmp_pct,EE_PF_1,jDhMLJigwUSPEvlCoDLiPw,5fUepwblFkGrC4756NIkDw,
74,23864,5725,565,302,1,N,N,WS_Closed,3,MRQ's,,23850,20,0.88,0.00,0.00,,,,,,EC_Cmp_pct,EE_PF_1,DSrLUCjIv0+M1yU7ozHriA,,
75,23865,5725,565,0,1,N,N,WS_Closed,1,Drawings /lists,,23833,20,0.88,0.00,0.00,,,,,,EC_Cmp_pct,EE_PF_1,yen4+CZUZEqzMJfxV49x8Q,XhWKy89850KkbMlqdRX4zg,
76,23866,5725,565,2,1,N,N,WS_Closed,3,MRQ's,,23834,20,0.88,0.00,0.00,,,,,,EC_Cmp_pct,EE_PF_1,jpTr6Ao1c0qcCmwdHbHiVA,i/uK2JDEKkSKwiDSfdDxqA,
77,23867,5725,565,1,1,N,N,WS_Closed,2,Reports,,23840,20,0.88,0.00,0.00,,,,,,EC_Cmp_pct,EE_PF_1,+l6ZPfMR1EuKgROlb+ROuQ,kvUNCAcyw0eO4fR2MhyyhA,
78,23868,5725,565,0,1,N,N,WS_Closed,1,Drawings /lists,,23842,20,0.88,0.00,0.00,,,,,,EC_Cmp_pct,EE_PF_1,P5TDXiR9P06m2nLrINklIw,+r8f/OqmXkqToY5g0tDX5g,
79,23869,5725,565,1,1,N,N,WS_Closed,2,Reports,,23842,20,0.88,0.00,0.00,,,,,,EC_Cmp_pct,EE_PF_1,5UlFCNIig0WZyjUqzqc5qA,a+zoN/9E4ESH8r4VYQq1iQ,
80,23870,5725,565,2,1,N,N,WS_Closed,3,MRQ's,,23842,20,0.88,0.00,0.00,,,,,,EC_Cmp_pct,EE_PF_1,2fSXWcRe40mRwTqq0oATZA,V9tUhVatzkaxqfMO5bUOxg,
81,23871,5725,565,1,1,N,N,WS_Closed,1,Drawings / lists,,23839,20,0.88,0.00,0.00,,,,,,EC_Cmp_pct,EE_PF_1,AMEPS8mdRECL4d0i1hGbqg,9Ea1MHcfy0G16cFM8PdjCw,
82,23872,5725,565,1,1,N,N,WS_Closed,2,Reports,,23841,20,0.88,0.00,0.00,,,,,,EC_Cmp_pct,EE_PF_1,E/WQuR+kUU2uvO4NtUU+ag,oJuYft3iV0q53qh6DQXrPA,
83,23873,5725,565,2,1,N,N,WS_Closed,3,Specifications /MRQ's,,23841,20,0.88,0.00,0.00,,,,,,EC_Cmp_pct,EE_PF_1,MZMdVHYQyUW+Rd6zDkF3/A,i/uK2JDEKkSKwiDSfdDxqA,
84,23874,5725,565,0,1,N,N,WS_Closed,1,Drawings /lists,,23841,20,0.88,0.00,0.00,,,,,,EC_Cmp_pct,EE_PF_1,ueoGQmX5XU+XNk7w7wVX0w,9Ea1MHcfy0G16cFM8PdjCw,
85,23875,5725,565,0,1,N,N,WS_Closed,1,Drawings /lists,,23836,20,0.88,0.00,0.00,,,,,,EC_Cmp_pct,EE_PF_1,og8FTQ3k80yuUZpuPR0g1Q,o6YB6EMVmkm+xWq8H4X5MQ,
86,23876,5725,565,107,1,N,N,WS_Closed,3,"01st Trip (P/L Spools 18"""" & 8"""")",,23843,4,0.88,0.00,0.00,,,,,,EC_Cmp_pct,EE_Rem_hr,4zNtYyf8Okee90C3jNY9iw,LzrySXwkQceqVtptUEcUUQ,
87,23877,5725,565,207,1,N,N,WS_Closed,1,02nd Trip (Jacket & Piles),,23843,4,0.88,0.00,0.00,,,,,,EC_Cmp_pct,EE_Rem_hr,atiaFREcmUOne8u8wPXY1w,DbpHYezrS1yjVk7KvbpdHA,
88,23878,5725,565,307,1,N,N,WS_Closed,2,03rd Trip ( Deck),,23843,4,0.88,0.00,0.00,,,,,,EC_Cmp_pct,EE_Rem_hr,oeIIjC16nki6fyu3D1qEiw,rH8dogeQRyiHb177Cp8tlA,
89,23879,5725,565,0,1,N,N,WS_Closed,1,Drawings /lists,,23835,20,0.88,0.00,0.00,,,,,,EC_Cmp_pct,EE_PF_1,v5i7rON8h0SOZ2WRsbEbQQ,T9eEp73Yv0OvK7NGzhDcGg,
90,23880,5725,565,1,1,N,N,WS_Closed,2,Reports,,23835,20,0.88,0.00,0.00,,,,,,EC_Cmp_pct,EE_PF_1,ZfrC4G3UdU23/IOaHkK1Vg,82mqBbVZgk2OqCJMd9TvfQ,
91,23881,5725,565,2,1,N,N,WS_Closed,3,MRQ's,,23835,20,0.88,0.00,0.00,,,,,,EC_Cmp_pct,EE_PF_1,11ULqIMiEUSHr05B7uo/rA,G7hfL+7+iUKo0xZPbR5Emg,
92,23882,5725,565,403,1,N,N,WS_Closed,2,MRQ's,,23837,20,0.88,0.00,0.00,,,,,,EC_Cmp_pct,EE_PF_1,IrJ2aRKxrk25nBb+vSEvEg,,
93,23883,5725,565,0,1,N,N,WS_Closed,1,Drawings /lists,,23834,20,0.88,0.00,0.00,,,,,,EC_Cmp_pct,EE_PF_1,UW43UjuBRESOiZHHW8ALrQ,9Ea1MHcfy0G16cFM8PdjCw,
94,23884,5725,565,1,1,N,N,WS_Closed,2,Reports,,23834,20,0.88,0.00,0.00,,,,,,EC_Cmp_pct,EE_PF_1,2T0rUOQVUESqAbFkOjfJ0Q,oJuYft3iV0q53qh6DQXrPA,
95,23885,5725,565,102,1,N,N,WS_Closed,4,Additional studies,,23833,20,0.88,0.00,0.00,,,,,,EC_Cmp_pct,EE_PF_1,0N/ziUDcHEWkfWSe5sH1DA,,
96,23886,5725,565,202,1,N,N,WS_Closed,2,Reports,,23850,20,0.88,0.00,0.00,,,,,,EC_Cmp_pct,EE_PF_1,M/vvPl2sckm+wbaPhmyGRQ,,
97,23887,5725,565,3,1,N,N,WS_Open,2,"TSF, E&I",,23847,4,0.88,0.00,0.00,,,,,,EC_Cmp_pct,EE_Rem_hr,0meSIAKyX0WBLt5trjvBrQ,,
98,23888,5725,565,3,1,N,N,WS_Open,3,Electrical & Instrumentation (E&I),,23847,4,0.88,0.00,0.00,,,,,,EC_Cmp_pct,EE_Rem_hr,nm/b2ROL10KCgN24FGAxew,,
99,23889,5725,565,3,1,N,N,WS_Open,1,Structure,,23847,4,0.88,0.00,0.00,,,,,,EC_Cmp_pct,EE_Rem_hr,XBJAy6aFKUCkrk28G1FkyQ,,
100,23890,5725,565,4,1,N,N,WS_Open,4,Equipment,,23846,4,0.88,0.00,0.00,,,,,,EC_Cmp_pct,EE_Rem_hr,7MyoHGh5oUieyPJGA1HrIw,YBixcX9xU0WqdN0VkpkOnA,
101,23891,5725,565,0,1,N,N,WS_Open,1,Structure Material,,23846,4,0.88,0.00,0.00,,,,,,EC_Cmp_pct,EE_Rem_hr,WJkltOhsA06M0a3/sEy0cA,,
102,23892,5725,565,1,1,N,N,WS_Open,2,P/L Spools  Material,,23846,4,0.88,0.00,0.00,,,,,,EC_Cmp_pct,EE_Rem_hr,ShRFypIrrUmQr7oJO+HpRA,,
103,23893,5725,565,0,1,N,N,WS_Open,1,General Milestone,,23844,4,0.88,0.00,0.00,,,,,,EC_Cmp_pct,EE_Rem_hr,7CbX8WDkw0+d7PzY2mahFQ,,
104,23894,5725,565,2,1,N,N,WS_Open,2,Engineering,,23844,4,0.88,0.00,0.00,,,,,,EC_Cmp_pct,EE_Rem_hr,YrpkRoWp9UikD0NFnJpBmQ,,
105,23895,5725,565,5,1,N,N,WS_Open,6,Pre-Fabrication,,23844,4,0.88,0.00,0.00,,,,,,EC_Cmp_pct,EE_Rem_hr,IrVcXPOIvESrfDucQECYVQ,,
106,23896,5725,565,4,1,N,N,WS_Open,3,Procurment,,23844,4,0.88,0.00,0.00,,,,,,EC_Cmp_pct,EE_Rem_hr,ZlfKOeSCm0OEytT7B/7JTA,,
107,23897,5725,565,6,1,N,N,WS_Open,1,Jacket and Piles Fabrication,,23845,4,0.88,0.00,0.00,,,,,,EC_Cmp_pct,EE_Rem_hr,5gdsWu6MR0+gXBiD0A11WQ,,
108,23898,5725,565,106,1,N,N,WS_Open,2,Deck Fabrication,,23845,4,0.88,0.00,0.00,,,,,,EC_Cmp_pct,EE_Rem_hr,Qgd0gPkJIkOTs2dblEIR9A,,
109,23899,5725,565,307,1,N,N,WS_Open,2,03rd Trip ( Deck),,23848,4,0.88,0.00,0.00,,,,,,EC_Cmp_pct,EE_Rem_hr,iz8jf/T3t0aqRWIs8e6LsA,,
110,23900,5725,565,6,1,N,N,WS_Open,3,P/L Spools Fabrication,,23845,4,0.88,0.00,0.00,,,,,,EC_Cmp_pct,EE_Rem_hr,28PC8As2LkyjqPEdExScbQ,,
111,23901,5725,565,2,1,N,N,WS_Open,3,Piping  Material,,23846,4,0.88,0.00,0.00,,,,,,EC_Cmp_pct,EE_Rem_hr,CR8CoH/wx0OK4ibYdMjy2A,,
112,23902,5725,565,107,1,N,N,WS_Open,3,"01st Trip (P/L Spools 18"""" & 8"""")",,23848,4,0.88,0.00,0.00,,,,,,EC_Cmp_pct,EE_Rem_hr,AGoDwd153EuuuCKZVbVvJA,,
113,23903,5725,565,207,1,N,N,WS_Open,1,02nd Trip (Jacket & Piles),,23848,4,0.88,0.00,0.00,,,,,,EC_Cmp_pct,EE_Rem_hr,rDwXffR91kSbWx9AOXII+w,,
114,23904,5725,565,4,1,N,N,WS_Open,5,E&I Material,,23846,4,0.88,0.00,0.00,,,,,,EC_Cmp_pct,EE_Rem_hr,PL6tAMvHCkKA7KbHjOKhGg,461eqr404UqClU1XUOTSqA,
115,23905,5725,565,7,1,N,N,WS_Open,5,L/O & Sea Fastening,,23844,4,0.88,0.00,0.00,,,,,,EC_Cmp_pct,EE_Rem_hr,s2Ay2chxY0imAEKsRDLITw,,
116,23906,5725,565,6,1,N,N,WS_Open,4,Fabrication,,23844,4,0.88,0.00,0.00,,,,,,EC_Cmp_pct,EE_Rem_hr,dybhjrQpKU+6d/VAMk26TQ,,
117,23907,5725,565,106,1,N,N,WS_Open,1,Deck Structure Fabrication,,23898,4,0.88,0.00,0.00,,,,,,EC_Cmp_pct,EE_Rem_hr,xGAMFQWfjUKj894CY7ZafQ,,
118,23908,5725,565,4,1,N,N,WS_Open,4,Equipment,,23896,4,0.88,0.00,0.00,,,,,,EC_Cmp_pct,EE_Rem_hr,iHAS2Azl302PpE98Qn0g6g,YBixcX9xU0WqdN0VkpkOnA,
119,23909,5725,565,0,1,N,N,WS_Open,1,Structure Material,,23896,4,0.88,0.00,0.00,,,,,,EC_Cmp_pct,EE_Rem_hr,aBmhvwIa0ESn4CZ9WzxmdQ,,
120,23910,5725,565,1,1,N,N,WS_Open,2,P/L Spools  Material,,23896,4,0.88,0.00,0.00,,,,,,EC_Cmp_pct,EE_Rem_hr,8m+DVNjjtU+ZUDdkij7RWw,,
121,23911,5725,565,2,1,N,N,WS_Open,3,Piping  Material,,23896,4,0.88,0.00,0.00,,,,,,EC_Cmp_pct,EE_Rem_hr,c/U1xO6Xd0iR0S3V0fu1IQ,,
122,23912,5725,565,104,1,N,N,WS_Open,1,Electrical Material,,23904,4,0.88,0.00,0.00,,,,,,EC_Cmp_pct,EE_Rem_hr,39yh/rE+MEa7nDVNUppZKA,,
123,23913,5725,565,104,1,N,N,WS_Open,2,F&G Material,,23904,4,0.88,0.00,0.00,,,,,,EC_Cmp_pct,EE_Rem_hr,IqjlhhTwlkyWTfPkMKluGA,,
124,23914,5725,565,104,1,N,N,WS_Open,4,Instrument Material,,23904,4,0.88,0.00,0.00,,,,,,EC_Cmp_pct,EE_Rem_hr,rlz3RoazzUqfgabYJF+jlA,,
125,23915,5725,565,106,1,N,N,WS_Open,2,TSF Fabrication and Erection,,23898,4,0.88,0.00,0.00,,,,,,EC_Cmp_pct,EE_Rem_hr,PM6HwadY7Emf2nNEz+CXuA,,
126,23916,5725,565,104,1,N,N,WS_Open,3,Telecom Material,,23904,4,0.88,0.00,0.00,,,,,,EC_Cmp_pct,EE_Rem_hr,4ieTVMabgE6OBkQG1zOMAg,,
127,23917,5725,565,3,1,N,N,WS_Open,1,Structure,,23894,4,0.88,0.00,0.00,,,,,,EC_Cmp_pct,EE_Rem_hr,pgnvSmkDEE22jDTIKBvODw,,
128,23918,5725,565,3,1,N,N,WS_Open,2,"TSF, E&I",,23894,4,0.88,0.00,0.00,,,,,,EC_Cmp_pct,EE_Rem_hr,LKqE88+2LkqHWTRoT2r3tA,,
129,23919,5725,565,3,1,N,N,WS_Open,3,Electrical & Instrumentation (E&I),,23894,4,0.88,0.00,0.00,,,,,,EC_Cmp_pct,EE_Rem_hr,oSPNSDRbtEeHePbOOZaQ9g,,
130,23920,5725,565,106,1,N,N,WS_Open,2,Deck Fabrication,,23906,4,0.88,0.00,0.00,,,,,,EC_Cmp_pct,EE_Rem_hr,3myjjkRKjUSQ1BN6+eOF7Q,,
131,23921,5725,565,307,1,N,N,WS_Open,2,03rd Trip ( Deck),,23905,4,0.88,0.00,0.00,,,,,,EC_Cmp_pct,EE_Rem_hr,AQsC2dyHtEO21MBwwTU07w,,
132,23922,5725,565,6,1,N,N,WS_Open,3,P/L Spools Fabrication,,23906,4,0.88,0.00,0.00,,,,,,EC_Cmp_pct,EE_Rem_hr,+4nVM8dhiUmH7cyG1HWbLg,,
133,23923,5725,565,107,1,N,N,WS_Open,3,"01st Trip (P/L Spools 18"""" & 8"""")",,23905,4,0.88,0.00,0.00,,,,,,EC_Cmp_pct,EE_Rem_hr,jW4zR0brzUOp5vRyI3MlRQ,,
134,23924,5725,565,6,1,N,N,WS_Open,1,Jacket and Piles Fabrication,,23906,4,0.88,0.00,0.00,,,,,,EC_Cmp_pct,EE_Rem_hr,QD7ekEiJE0Sr8aQXxhzb+g,,
135,23925,5725,565,4,1,N,N,WS_Open,5,E&I Material,,23896,4,0.88,0.00,0.00,,,,,,EC_Cmp_pct,EE_Rem_hr,+EJ7fWpWFUCbE+3JAbX+2A,461eqr404UqClU1XUOTSqA,
136,23926,5725,565,207,1,N,N,WS_Open,1,02nd Trip (Jacket & Piles),,23905,4,0.88,0.00,0.00,,,,,,EC_Cmp_pct,EE_Rem_hr,xmDfWcdW8ka/vdssKEEN4g,,
137,23927,5725,565,206,1,N,N,WS_Open,2,Equipment erection,,23915,4,0.88,0.00,0.00,,,,,,EC_Cmp_pct,EE_Rem_hr,L4TYlRLcaUGwqzwktrsZdg,,
138,23928,5725,565,206,1,N,N,WS_Open,3,E&I Activies,,23915,4,0.88,0.00,0.00,,,,,,EC_Cmp_pct,EE_Rem_hr,zlMptoQzP0Sg34SBm+Yy2Q,,
139,23929,5725,565,206,1,N,N,WS_Open,4,Pre-commissioning,,23915,4,0.88,0.00,0.00,,,,,,EC_Cmp_pct,EE_Rem_hr,f4elsCaWHkaWNWKc5zEqTg,,
140,23930,5725,565,206,1,N,N,WS_Open,1,Piping fabrication & erection,,23915,4,0.88,0.00,0.00,,,,,,EC_Cmp_pct,EE_Rem_hr,QncRQn1Ee0SY+cYzpoFhrg,,
141,23931,5725,565,104,1,N,N,WS_Open,2,F&G Material,,23925,4,0.88,0.00,0.00,,,,,,EC_Cmp_pct,EE_Rem_hr,0S2JXmZ3NkyKopE4Y8atlg,,
142,23932,5725,565,104,1,N,N,WS_Open,4,Instrument Material,,23925,4,0.88,0.00,0.00,,,,,,EC_Cmp_pct,EE_Rem_hr,PFyf+Z0TZkOJ/F/B76K03g,,
143,23933,5725,565,104,1,N,N,WS_Open,3,Telecom Material,,23925,4,0.88,0.00,0.00,,,,,,EC_Cmp_pct,EE_Rem_hr,gh1Ih+GUD0mtnH+6LRKLRQ,,
144,23934,5725,565,104,1,N,N,WS_Open,1,Electrical Material,,23925,4,0.88,0.00,0.00,,,,,,EC_Cmp_pct,EE_Rem_hr,b89XxJDkakSgZe55KwPTAA,,
145,23935,5725,565,106,1,N,N,WS_Open,1,Deck Structure Fabrication,,23920,4,0.88,0.00,0.00,,,,,,EC_Cmp_pct,EE_Rem_hr,38S1v2xyhU6aAk6g9UpCzA,,
146,23936,5725,565,106,1,N,N,WS_Open,2,TSF Fabrication and Erection,,23920,4,0.88,0.00,0.00,,,,,,EC_Cmp_pct,EE_Rem_hr,H7vUtgNM8EWhtRFX1Ue8TQ,,
147,23937,5725,565,206,1,N,N,WS_Open,1,Piping fabrication & erection,,23936,4,0.88,0.00,0.00,,,,,,EC_Cmp_pct,EE_Rem_hr,AoPeRgoTikagySRHWIPBGg,,
148,23938,5725,565,206,1,N,N,WS_Open,2,Equipment erection,,23936,4,0.88,0.00,0.00,,,,,,EC_Cmp_pct,EE_Rem_hr,cLkImXHiW0acutlkdzgYEw,,
149,23939,5725,565,206,1,N,N,WS_Open,3,E&I Activies,,23936,4,0.88,0.00,0.00,,,,,,EC_Cmp_pct,EE_Rem_hr,OwleU328Y0a7LsZB62jKRw,,
150,23940,5725,565,206,1,N,N,WS_Open,4,Pre-commissioning,,23936,4,0.88,0.00,0.00,,,,,,EC_Cmp_pct,EE_Rem_hr,F5bAY+OrM0u+CfllQ2MueA,,
151,24288,5725,5549,701,1,N,N,WS_Closed,36,Additional Piping Ball valves,,23791,20,0.88,0.00,0.00,,,,,,EC_Cmp_pct,EE_PF_1,IZov84PuIUGIcln64i1lZQ,,
152,24295,5725,5549,501,1,N,N,WS_Closed,37,"Additional Piping Gate,Globe & Butterfly valves",,23791,20,0.88,0.00,0.00,,,,,,EC_Cmp_pct,EE_PF_1,JieIBhLiaUOMIjBQwFIyqw,,
